Product ID;Product Position;Promotion;Product Category;Seasonal;Sales Volume;brand;url;sku;name;description;price;currency;scraped_at;terms;section
185102.0;Aisle;No;clothing;No;2823.0;Zara;https://www.zara.com/us/en/basic-puffer-jacket-p06985450.html;272145190-250-2;      BASIC PUFFER JACKET      ;Puffer jacket made of tear-resistant ripstop fabric. High collar and adjustable long sleeves with adhesive straps. Welt pockets at hip. Adjustable hem with side elastics. Front zip closure.;19.99;USD;2024-02-19T08:50:05.654618;jackets;MAN
188771.0;Aisle;No;CLOTHNG;No;654.0;Zara;https://www.zara.com/us/en/tuxedo-jacket-p08896675.html;324052738-800-46;      TUXEDO JACKET      ;Straight fit blazer. Pointed lapel collar and long sleeves with buttoned cuffs. Welt pockets at hip and interior pocket. Central back vent at hem. Front button closure.;169.0;USD;2024-02-19T08:50:06.590930;jackets;MAN
180176.0;End-cap;Yes;Clothng;Yes;2220.0;Zara;https://www.zara.com/us/en/slim-fit-suit-jacket-p01564520.html;335342680-800-44;      SLIM FIT SUIT JACKET      ;Slim fit jacket. Notched lapel collar. Long sleeves with buttoned cuffs. Welt pocket at chest and flap pockets at hip. Interior pocket. Back vents. Front button closure.;129.0;USD;2024-02-19T08:50:07.301419;jackets;MAN
112917.0;Aisle;Yes;clothing;Yes;1568.0;Zara;https://www.zara.com/us/en/stretch-suit-jacket-p01564300.html;328303236-420-44;      STRETCH SUIT JACKET      ;Slim fit jacket made of viscose blend fabric. Notched lapel collar. Long sleeves with buttoned cuffs. Welt pocket at chest and flap pockets at hip. Interior pocket. Back vents. Front button closure.;129.0;USD;2024-02-19T08:50:07.882922;jackets;MAN
192936.0;End-cap;No;CLOTHNG;Yes;2942.0;Zara;https://www.zara.com/us/en/double-faced-jacket-p08281477.html;312368260-800-2;      DOUBLE FACED JACKET      ;Jacket made of faux leather faux shearling with fleece interior. Tabbed lapel collar. Long sleeves. Zip pockets at hip. Front zip closure.;139.0;USD;2024-02-19T08:50:08.453847;jackets;MAN
;;;;;;;;;;;;;;;
;;;;;;;;;;;;;;;
182157.0;Aisle;No;Clothng;No;-1.0;Zara;https://www.zara.com/us/en/suit-jacket-in-100-linen-p04307408.html;322972485-431-46;      SUIT JACKET IN 100% LINEN      ;Straight fit blazer made of linen. Notched lapel collar and long sleeves with buttoned cuffs. Welt pocket at chest and flap pockets at hip. Interior pocket. Back vents. Front button closure.;159.0;USD;2024-02-19T08:50:10.200777;jackets;MAN
141861.0;Aisle;Yes;Clothng;Yes;1916.0;Zara;https://www.zara.com/us/en/100-wool-suit-jacket-p05955218.html;313854165-401-46;      100% WOOL SUIT JACKET      ;Jacket made of Italian wool. Pointed lapel collar and long sleeves with buttoned cuffs. Welt pocket at chest and flap pockets at hip. Interior pocket. Back vents. Front button closure.;169.0;USD;2024-02-19T08:50:10.880741;jackets;MAN
;;;;;;;;;;;;;;;
113143.0;Aisle;Yes;CLOTHING;Yes;2663.0;Zara;https://www.zara.com/us/en/herringbone-textured-jacket-p08491401.html;316207900-710-2;      HERRINGBONE TEXTURED JACKET      ;Jacket made of wool blend fabric. Lapel collar and long sleeves. Welt pockets at hip. Front zip closure.;129.0;USD;2024-02-19T08:50:12.011296;jackets;MAN
140028.0;Aisle;Yes;CLOTHNG;Yes;1260.0;Zara;https://www.zara.com/us/en/oversized-cropped-jacket-limited-edition-p04304672.html;329186122-800-2;      OVERSIZED CROPPED JACKET LIMITED EDITION      ;Oversized cropped jacket. Notched lapel collar and long sleeves with buttoned cuffs. Flap pockets at waist ad interior pocket. Front button closure.;159.0;USD;2024-02-19T08:50:12.510507;jackets;MAN
134693.0;Aisle;Yes;CLOTHING;No;2124.0;Zara;https://www.zara.com/us/en/leather-biker-jacket-p05833412.html;311297791-800-2;      LEATHER BIKER JACKET      ;Jacket with lapel collar and snap button details. Long sleeves with zip cuffs. Front zip pockets and interior pocket. Asymmetric front closure with metal zipper.;169.0;USD;2024-02-19T08:50:13.210501;jackets;MAN
151396.0;Front of Store;Yes;CLOTHING;Yes;729.0;Zara;https://www.zara.com/us/en/cropped-leather-jacket-p02521104.html;323134418-800-3;      CROPPED LEATHER JACKET      ;Leather jacket. Cropped length. Lapel collar and long sleeves. Front hidden in-seam pockets. Front zip closure.;439.0;USD;2024-02-19T08:50:13.771115;jackets;MAN
132889.0;Aisle;Yes;CLOTHNG;Yes;2265.0;Zara;https://www.zara.com/us/en/faux-leather-boxy-fit-jacket-p08281654.html;311297555-706-2;      FAUX LEATHER BOXY FIT JACKET      ;Boxy fit jacket. Lapel collar and long sleeves with buttoned cuffs. Welt pockets at hip. Front button closure.;99.9;USD;2024-02-19T08:50:14.252907;jackets;MAN
152174.0;End-cap;No;Clothng;No;2226.0;Zara;https://www.zara.com/us/en/faux-leather-jacket-p03427320.html;317012940-800-2;      FAUX LEATHER JACKET      ;Jacket made of faux leather fabric. Lapel collar with snap button details. Long sleeves with zip cuffs. Front zip pockets at chest and hip. Interior pocket. Asymmetric front closure with metal zipper.;99.9;USD;2024-02-19T08:50:14.853868;jackets;MAN
129906.0;Aisle;No;Clothng;No;2089.0;Zara;https://www.zara.com/us/en/faux-suede-bomber-jacket-p06318600.html;311292672-800-2;      FAUX SUEDE BOMBER JACKET      ;Jacket made of faux suede fabric. Ribbed elastic high collar and long sleeve. Welt pockets at hip. Rib trim. Front zip closure.;unknown;USD;2024-02-19T08:50:15.386895;jackets;MAN
195879.0;Front of Store;Yes;Clothng;Yes;2339.0;Zara;https://www.zara.com/us/en/denim-bomber-jacket-p00621400.html;321496837-400-3;      DENIM BOMBER JACKET      ;Jacket made of denim fabric with padded interior. Rib elastic collar and long sleeves. Welt pockets at hip and interior pocket. Elastic hem. All-over contrasting topstitching details. Front zip closure.;129.0;USD;2024-02-19T08:50:15.895051;jackets;MAN
155050.0;Aisle;No;Clothng;Yes;2321.0;Zara;https://www.zara.com/us/en/boucle-textured-jacket-p08491402.html;316205038-615-2;      BOUCLÉ TEXTURED JACKET      ;Cropped jacket made with wool blend fabric. High collar and long sleeves with elastic cuffs. Front patch pockets with flaps. Elastic hem. Front snap button closure.;129.0;USD;2024-02-19T08:50:16.580479;jackets;MAN
194410.0;End-cap;No;Clothng;No;669.0;Zara;https://www.zara.com/us/en/suit-jacket-in-100-linen-p04307443.html;322972473-052-46;      SUIT JACKET IN 100% LINEN      ;Straight fit blazer made of linen. Notched lapel collar and long sleeves with buttoned cuffs. Flap pockets at hip. Interior pocket. Back vents. Front button closure.;159.0;USD;2024-02-19T08:50:17.153559;jackets;MAN
141904.0;End-cap;Yes;Clothng;Yes;1712.0;Zara;https://www.zara.com/us/en/jacquard-denim-jacket-p07627402.html;313845662-400-3;      JACQUARD DENIM JACKET      ;Lapel collar jacket with long sleeves with buttoned cuffs. Patch pockets with flaps at chest and side pockets at hip. Front hidden button closure.;109.0;USD;2024-02-19T08:50:17.639427;jackets;MAN
124981.0;Front of Store;No;clothing;Yes;1832.0;Zara;https://www.zara.com/us/en/padded-denim-jacket-p01538413.html;320264577-800-2;      PADDED DENIM JACKET      ;Cropped jacket with lightly quilted interior. Lapel collar and long sleeves. Flap patch pockets at hip. Washed effect. Rib hems. Front zip closure.;89.9;USD;2024-02-19T08:50:18.264732;jackets;MAN
161909.0;Aisle;Yes;clothing;No;1290.0;Zara;https://www.zara.com/us/en/leather-jacket-p05479400.html;315529534-705-3;      LEATHER JACKET      ;Relaxed fit jacket in leather. Spread collar and long sleeves with slit cuffs with button closure. Patch pockets at hip. Back vents. Front button closure.;299.0;USD;2024-02-19T08:50:18.813979;jackets;MAN
129152.0;End-cap;No;clothing;No;2356.0;Zara;https://www.zara.com/us/en/lightweight-bomber-jacket-p08281315.html;320423517-800-2;      LIGHTWEIGHT BOMBER JACKET      ;Lightweight jacket made of technical fabric. Round neck and long sleeves. Welt pockets at hip. Interior pocket. Rib trim. Front zip closure.;49.9;USD;2024-02-19T08:50:19.405469;jackets;MAN
;;;;;;;;;;;;;;;
;;;;;-1.0;;;;;;;;;;
191230.0;End-cap;No;clothing;No;966.0;Zara;https://www.zara.com/us/en/patch-bomber-jacket-p03918330.html;311287528-811-2;      PATCH BOMBER JACKET      ;Varsity jacket made of faux suede fabric. Double welt pockets at hip and interior pocket. Front and back contrasting patch appliqués and embroidery. Rib trim. Front snap button closure.;89.9;USD;2024-02-19T08:50:20.940517;jackets;MAN
187234.0;Front of Store;Yes;clothing;Yes;2575.0;Zara;https://www.zara.com/us/en/stretch-pocket-overshirt-p07484478.html;342657802-914-2;      STRETCH POCKET OVERSHIRT      ;Overshirt made of stretchy fabric. Lapel collar and long sleeves with snap buttoned cuffs. Chest patch pockets. Front snap button closure.;99999.0;USD;2024-02-19T08:50:21.681257;jackets;MAN
148888.0;Front of Store;No;CLOTHING;No;2774.0;Zara;https://www.zara.com/us/en/rib-collar-jacket-p08281410.html;316207898-712-2;      RIB COLLAR JACKET      ;Jacket made of technical fabric with padded interior. Tonal elastic rib high collar. Long sleeves. Welt pockets at hip and interior pocket. Interior elastic finish. Front zip closure.;109.0;USD;2024-02-19T08:50:22.196513;jackets;MAN
110805.0;Front of Store;Yes;CLOTHING;No;2477.0;Zara;https://www.zara.com/us/en/faux-leather-oversized-jacket-limited-edition-p07380310.html;321496761-800-2;      FAUX LEATHER OVERSIZED JACKET LIMITED EDITION      ;Oversized jacket. Notched lapel collar and long sleeves. Flap pockets at hip and interior pocket. Front button closure.;159.0;USD;2024-02-19T08:50:22.752699;jackets;MAN
;;;;;;;;;;;;;;;
134927.0;Aisle;Yes;clothing;Yes;2252.0;Zara;https://www.zara.com/us/en/patch-bomber-jacket-p03833404.html;317129011-500-2;      PATCH BOMBER JACKET      ;Varsity jacket with padded interior. Rib elastic collar and long sleeves in contrast faux leather. Double welt pockets at hip and interior pocket. Contrasting patch appliqués at front and back. Rib trim. Front snap button closure.;129.0;USD;2024-02-19T08:50:23.929417;jackets;MAN
123150.0;End-cap;Yes;clothing;No;2074.0;Zara;https://www.zara.com/us/en/cropped-bomber-jacket-limited-edition-p08281600.html;330274270-800-2;      CROPPED BOMBER JACKET LIMITED EDITION      ;Jacket with lightly padded interior. Rib collar and long sleeves. Flap pockets at waist. Rib trim. Front asymmetric zip closure.;129.0;USD;2024-02-19T08:50:24.492261;jackets;MAN
;;;;;;;;;;;;;;;
172364.0;Aisle;Yes;CLOTHNG;No;2931.0;Zara;https://www.zara.com/us/en/faux-leather-bomber-jacket-p08281667.html;317782474-800-2;      FAUX LEATHER BOMBER JACKET      ;Jacket made of faux leather fabric. Rib elastic collar and long sleeves. Zip pockets with flaps at hip. Interior pocket. Elastic hem. Front zip closure.;109.0;USD;not_a_date;jackets;MAN
178281.0;End-cap;No;CLOTHING;Yes;1145.0;Zara;https://www.zara.com/us/en/bomber-jacket-p06318502.html;315758723-401-2;      BOMBER JACKET      ;Varsity jacket. High collar and long sleeves. Welt pockets at hip and interior pocket. Rib trim. Front snap button closure.;109.0;USD;2024-02-19T08:50:27.368815;jackets;MAN
194339.0;End-cap;No;CLOTHING;No;1792.0;Zara;https://www.zara.com/us/en/faux-suede-jacket-p08281652.html;311302863-800-2;      FAUX SUEDE JACKET      ;Lapel collar jacket with long sleeves with buttoned cuffs. Flap pockets at chest and welt pockets at hip. Front button closure.;89.9;USD;2024-02-19T08:50:28.013766;jackets;MAN
174412.0;Aisle;No;Clothng;Yes;1796.0;Zara;https://www.zara.com/us/en/faux-suede-bomber-jacket-p08574500.html;311282759-806-2;      FAUX SUEDE BOMBER JACKET      ;Jacket made of faux suede fabric. Rib elastic collar and long sleeves. Welt pockets at hip. Rib trim. Front zip closure.;unknown;USD;2024-02-19T08:50:28.575851;jackets;MAN
114877.0;Aisle;No;Clothng;No;1860.0;Zara;https://www.zara.com/us/en/suede-jacket-p02521102.html;323134415-700-3;      SUEDE JACKET      ;Jacket made of suede. Cropped length. Lapel collar and long sleeves. Front hidden in-seam pockets. Front zip closure.;349.0;USD;2024-02-19T08:50:29.497634;jackets;MAN
140727.0;End-cap;Yes;clothing;Yes;1002.0;Zara;https://www.zara.com/us/en/contrasting-collar-jacket-p01538369.html;312372582-526-2;      CONTRASTING COLLAR JACKET      ;Jacket with lightly padded interior. Contrasting lapel collar. Long sleeves with buttoned cuffs. Washed effect. Double welt pockets at chest and hip. Front zip closure.;79.9;USD;2024-02-19T08:50:30.899896;jackets;MAN
133109.0;Front of Store;No;CLOTHING;Yes;2063.0;Zara;https://www.zara.com/us/en/textured-jacket-p04302457.html;321143726-712-2;      TEXTURED JACKET      ;Jacket made of textured fabric. Lapel collar and long sleeves with buttoned cuffs. Patch pockets at chest and hidden pockets at hip. Side vents at hem. Front button closure.;79.9;USD;2024-02-19T08:50:31.435371;jackets;MAN
127296.0;Aisle;No;CLOTHING;No;1165.0;Zara;https://www.zara.com/us/en/cropped-textured-jacket-p01538410.html;320220949-507-2;      CROPPED TEXTURED JACKET      ;Jacket made of dense cotton fabric cut on the bias. Lapel collar and long sleeves with buttoned cuffs. Welt pockets at hip and interior pocket. Cropped length. Front zip closure.;89.9;USD;2024-02-19T08:50:32.016086;jackets;MAN
;;;;;;;;;;;;;;;
111760.0;End-cap;No;CLOTHNG;No;1474.0;Zara;https://www.zara.com/us/en/technical-jacket-with-pockets-p03286501.html;321143723-401-2;      TECHNICAL JACKET WITH POCKETS      ;Jacket made of technical fabric with quilted interior. Lapel collar and long sleeves. Flap patch pockets at hip. Rib trim. Front button closure.;109.0;USD;2024-02-19T08:50:33.138517;jackets;MAN
198375.0;End-cap;No;Clothng;No;2202.0;Zara;https://www.zara.com/us/en/faux-leather-jacket-p08281345.html;311297763-800-2;      FAUX LEATHER JACKET      ;Jacket made of faux leather fabric. Lapel collar and long sleeves with snap buttoned cuffs. Welt pockets at hip. Front snap button closure.;69.9;USD;2024-02-19T08:50:33.724614;jackets;MAN
;;;;;;;;;;;;;;;
;;;;;;;;;;;;;;;
116228.0;End-cap;Yes;clothing;No;647.0;Zara;https://www.zara.com/us/en/textured-pocket-jacket-p03918500.html;312363708-800-2;      TEXTURED POCKET JACKET      ;Jacket with lightly padded interior. Lapel collar and long sleeves with buttoned cuffs. Flap pockets at chest and welt pockets at hip. Front button closure.;89.9;USD;not_a_date;jackets;MAN
167592.0;Front of Store;Yes;CLOTHING;No;707.0;Zara;https://www.zara.com/us/en/faux-suede-patch-jacket-p08281357.html;312320664-251-2;      FAUX SUEDE PATCH JACKET      ;Varsity jacket made of faux suede fabric. Lapel collar and long sleeves. Double welt pockets at hip and interior pocket. Front contrasting patch appliqués and embroidery. Rib trim. Front snap button closure.;89.9;USD;2024-02-19T08:50:36.278549;jackets;MAN
133100.0;End-cap;Yes;CLOTHNG;No;2729.0;Zara;https://www.zara.com/us/en/puffer-jacket-with-pouch-pocket-p00155401.html;311302445-445-97;      PUFFER JACKET WITH POUCH POCKET      ;Jacket made of technical fabric with padded interior. High collar with front zip closure and long sleeves with elastic strap cuffs. Front and back contrast embroidered text. Zip pockets at hip. Adjustable elastic strap at hem with side zippers and strap.;89.9;USD;2024-02-19T08:50:37.262777;jackets;MAN
119955.0;Front of Store;No;CLOTHNG;No;1590.0;Zara;https://www.zara.com/us/en/bomber-jacket-p05039440.html;323216370-422-97;      BOMBER JACKET      ;Boxy bomber jacket. Rib elastic collar and long sleeves. Welt pockets at hip. Elasticized trim. Front zip closure.;89.9;USD;2024-02-19T08:50:37.977065;jackets;MAN
189349.0;End-cap;Yes;clothing;No;1245.0;Zara;https://www.zara.com/us/en/textured-weave-overshirt-p01608101.html;317107014-707-2;      TEXTURED WEAVE OVERSHIRT      ;Relaxed fit overshirt. Lapel collar and long sleeves with buttoned cuffs. Side hidden in-seam pockets. Front button closure.;89.9;USD;2024-02-19T08:50:38.675293;jackets;MAN
127478.0;Front of Store;No;Clothng;Yes;2498.0;Zara;https://www.zara.com/us/en/straight-suit-jacket-p04143291.html;328594167-800-46;      STRAIGHT SUIT JACKET      ;Straight fit blazer. Notched lapel collar and long sleeves with buttoned cuffs. Flap pockets at hip. Interior pocket. Central back vent at hem. Front button closure.;129.0;USD;2024-02-19T08:50:39.146924;jackets;MAN
180661.0;Front of Store;No;CLOTHNG;Yes;1041.0;Zara;https://www.zara.com/us/en/hooded-quilted-jacket-p00029501.html;311309598-711-2;      HOODED QUILTED JACKET      ;Puffer jacket with high collar and adjustable hood. Long sleeves with interior rib cuffs. Welt pockets at hip and interior pocket. Adjustable hem with side elastics. Front zip hidden by a snap button flap.;129.0;USD;2024-02-19T08:50:39.688602;jackets;MAN
186681.0;End-cap;No;CLOTHING;Yes;1717.0;Zara;https://www.zara.com/us/en/lightweight-puffer-jacket-p04302520.html;267133943-711-2;      LIGHTWEIGHT PUFFER JACKET      ;Padded jacket made of technical fabric. High collar and long sleeves. Welt pockets at hip. Elasticized trim. Front zip closure.;19.99;USD;2024-02-19T08:50:40.213708;jackets;MAN
;;;;;;;;;;;;;;;
173508.0;Aisle;Yes;CLOTHING;No;1658.0;Zara;https://www.zara.com/us/en/pocket-jacket-p06318507.html;322410604-401-2;      POCKET JACKET      ;Jacket made of dense technical fabric. Lapel collar and long sleeves with buttoned cuffs. Multi-functional front pockets. Front zip hidden by a snap button flap.;129.0;USD;2024-02-19T08:50:41.427891;jackets;MAN
187930.0;End-cap;No;CLOTHNG;Yes;706.0;Zara;https://www.zara.com/us/en/oversized-bomber-jacket-p08281311.html;324149982-982-2;      OVERSIZED BOMBER JACKET      ;Oversized jacket made of technical fabric. High collar and long sleeves with pocket detail. Welt pockets at hip and interior pocket. Rib trim. Adjustable asymmetric hem with side zippers. Front zip closure.;89.9;USD;2024-02-19T08:50:41.944116;jackets;MAN
124088.0;End-cap;Yes;CLOTHNG;Yes;2065.0;Zara;https://www.zara.com/us/en/embroidered-patch-jacket-p05320345.html;320531693-707-2;      EMBROIDERED PATCH JACKET      ;Roomy jacket made of lightweight fabric. Lapel collar and long sleeves with elastic cuffs. Contrasting patch appliqués with embroidery at front and back. Front pouch pocket. Elastic hem. Front zip closure.;79.9;USD;2024-02-19T08:50:42.629521;jackets;MAN
190238.0;Front of Store;No;clothing;Yes;1917.0;Zara;https://www.zara.com/us/en/acid-wash-denim-jacket-p06688401.html;328279967-409-3;      ACID WASH DENIM JACKET      ;Jacket made of cotton denim. Lapel collar and long sleeves with buttoned cuffs. Patch pockets at chest and side pockets at hip. Washed effect. Front zip closure.;89.9;USD;2024-02-19T08:50:43.067567;jackets;MAN
;;;;;;;;;;;;;;;
163234.0;Front of Store;No;CLOTHNG;No;1633.0;Zara;https://www.zara.com/us/en/textured-denim-jacket-limited-edition-p01538430.html;322972491-800-2;      TEXTURED DENIM JACKET LIMITED EDITION      ;Lapel collar jacket with long sleeves with buttoned cuffs. Flap pockets at chest and welt pockets at hip. All over washed and uneven textured effect. Front button closure.;89.9;USD;2024-02-19T08:50:44.126726;jackets;MAN
135610.0;Aisle;Yes;clothing;Yes;1513.0;Zara;https://www.zara.com/us/en/wool-blend-jacket-p09621448.html;321501682-800-2;      WOOL BLEND JACKET      ;Jacket made of wool blend fabric. Lapel collar and long sleeves. Welt pockets at hip and interior pocket. Rib trim. Front zip closure.;99999.0;USD;2024-02-19T08:50:45.034237;jackets;MAN
;;;;;;;;;;;;;not_a_date;;
149315.0;End-cap;Yes;CLOTHNG;No;718.0;Zara;https://www.zara.com/us/en/fleece-bomber-jacket-p08281405.html;311292541-802-2;      FLEECE BOMBER JACKET      ;Jacket made of faux shearling fabric. Rib elastic collar and long sleeves. Welt pockets at hip and interior pocket. Rib trim. Front zip closure.;109.0;USD;2024-02-19T08:50:46.259361;jackets;MAN
149510.0;Aisle;No;CLOTHNG;Yes;-1.0;Zara;https://www.zara.com/us/en/zippered-jacket-p04087418.html;319205114-807-2;      ZIPPERED JACKET      ;Lapel collar jacket with long sleeves. Front pouch pockets. Front zip closure.;59.9;USD;2024-02-19T08:50:47.254145;jackets;MAN
137990.0;Aisle;No;Clothng;No;2929.0;Zara;https://www.zara.com/us/en/cotton-jacket-p00706301.html;276213846-500-2;      COTTON JACKET      ;Lapel collar jacket with long sleeves with elastic cuffs. Patch pockets at hip. Elastic hem. Front snap button closure.;29.99;USD;2024-02-19T08:50:49.940814;jackets;MAN
154016.0;End-cap;Yes;clothing;Yes;2366.0;Zara;https://www.zara.com/us/en/wool-blend-textured-jacket-p04296310.html;328244979-064-48;      WOOL BLEND TEXTURED JACKET      ;Jacket made of wool blend fabric. Pointed lapel collar and long sleeves with buttoned cuffs. Welt pockets at chest and flap pockets at hip. Interior pocket. Back vents. Front double breasted button closure.;189.0;USD;2024-02-19T08:50:48.692260;jackets;MAN
117751.0;Aisle;No;CLOTHING;No;2749.0;Zara;https://www.zara.com/us/en/contrast-jacquard-jacket-p04087423.html;323050745-798-97;      CONTRAST JACQUARD JACKET      ;Full cut jacket with lapel collar and long sleeves. Front button closure.;89.9;USD;2024-02-19T08:50:51.200272;jackets;MAN
182362.0;Front of Store;No;Clothng;No;2019.0;Zara;https://www.zara.com/us/en/cropped-overshirt-p04432403.html;319166635-401-2;      CROPPED OVERSHIRT      ;Cropped overshirt made of contrast double faced fabric. Lapel collar and long sleeves with buttoned cuffs. Chest patch pocket. Adjustable hem with side elastics. Front button closure partially hidden by a flap.;69.9;USD;2024-02-19T08:50:51.711859;jackets;MAN
117725.0;Aisle;No;CLOTHNG;Yes;1506.0;Zara;https://www.zara.com/us/en/contrasting-patches-hooded-jacket-p03833400.html;311297489-800-2;      CONTRASTING PATCHES HOODED JACKET      ;Varsity jacket with stretchy collar and contrasting hood. Long sleeves. Welt pockets at hip and interior pocket. Embroidered appliqué and contrast front and back patches. Rib trim. Front snap button closure.;109.0;USD;2024-02-19T08:50:52.206404;jackets;MAN
145289.0;End-cap;No;Clothng;No;1012.0;Zara;https://www.zara.com/us/en/utility-pocket-jacket-p05520451.html;311292073-709-2;      UTILITY POCKET JACKET      ;Cropped jacket. Lapel collar and long sleeves. Front utility pockets with zip closure. Washed effect. Elastic hem. Adjustable hem with side elastics. Front zip closure.;109.0;USD;2024-02-19T08:50:52.732112;jackets;MAN
173576.0;End-cap;Yes;CLOTHING;No;1838.0;Zara;https://www.zara.com/us/en/-p04310461.html;336378923-700-2;;;129.0;USD;2024-02-19T08:50:54.476057;jackets;MAN
;;;;;;;;;;;;;;;
199368.0;Front of Store;No;CLOTHING;Yes;1061.0;Zara;https://www.zara.com/us/en/wool-blend-jacket-p05854654.html;336821611-706-2;      WOOL BLEND JACKET      ;Lapel collar jacket with long sleeves with buttoned cuffs. Chest patch pockets and welt pockets at hip. Front button closure.;139.0;USD;2024-02-19T08:50:55.455689;jackets;MAN
;;;;;;;;;;;;;;;
;;;;;;;;;;;;;;;
;;;;;;;;;;;;;;;
134763.0;Front of Store;No;Clothng;Yes;2048.0;Zara;https://www.zara.com/us/en/padded-bomber-jacket-p03918620.html;315947178-800-2;      PADDED BOMBER JACKET      ;Quilted jacket made of technical fabric. Lapel collar and long sleeves. Welt pockets at hip. Rib trim. Front zip closure.;89.9;USD;2024-02-19T08:50:57.586300;jackets;MAN
143231.0;Aisle;No;CLOTHNG;No;2578.0;Zara;https://www.zara.com/us/en/technical-padded-jacket-p03833311.html;311297745-800-2;      TECHNICAL PADDED JACKET      ;Jacket made of technical fabric with padded interior. Lapel collar and long sleeves with elastic cuffs. Welt pockets at hip and interior pocket. Adjustable drawstring hem. Front snap button closure.;89.9;USD;2024-02-19T08:50:58.065096;jackets;MAN
125409.0;End-cap;Yes;clothing;No;2040.0;Zara;https://www.zara.com/us/en/pocket-denim-jacket-p00840482.html;330290360-427-3;      POCKET DENIM JACKET      ;Slightly cropped denim jacket. Lapel collar and long sleeves with buttoned cuffs. Flap patch pocket at chest and side hip. Washed effect. Front button closure.;99999;USD;2024-02-19T08:50:58.577931;jackets;MAN
183074.0;Aisle;No;clothing;No;2791.0;Zara;https://www.zara.com/us/en/boxy-fit-denim-jacket-p00840402.html;320449897-427-2;      BOXY FIT DENIM JACKET      ;Boxy fit jacket. Lapel collar and long sleeves with buttoned cuffs. Patch pockets at hip. Washed effect.Asymmetric hem with side vents. Front button closure.;89.9;USD;2024-02-19T08:50:59.005564;jackets;MAN
;;;;;;;;;;;;;;;
174171.0;Front of Store;Yes;CLOTHNG;Yes;2273.0;Zara;https://www.zara.com/us/en/embroidered-forest-jacket-p02795407.html;328332050-700-97;      EMBROIDERED FOREST JACKET      ;Jacket with lightly padded interior. Corduroy lapel collar. Long sleeves. Patch pockets at hip. Front button closure.;89.9;USD;2024-02-19T08:50:59.919169;jackets;MAN
;;;;;;;;;;;;;;;
177131.0;Aisle;Yes;CLOTHNG;Yes;1733.0;Zara;https://www.zara.com/us/en/boucle-textured-vest-p01437303.html;319502128-515-2;      BOUCLE TEXTURED VEST      ;Vest made of viscose and wool blend fabric. V-neckline. Patch pockets at hip. Front zip closure.;69.9;USD;2024-02-19T08:51:00.909778;jackets;MAN
128179.0;End-cap;Yes;CLOTHNG;No;2060.0;Zara;https://www.zara.com/us/en/color-block-puffer-jacket-p08281365.html;311287226-472-2;      COLOR BLOCK PUFFER JACKET      ;Jacket made of technical fabric with padded interior. High collar and long sleeves with elastic cuffs. Front pockets with hidden zip closure. Elastic hem. Front zip closure.;89.9;USD;2024-02-19T08:51:03.376537;jackets;MAN
152723.0;Aisle;No;clothing;Yes;2849.0;Zara;https://www.zara.com/us/en/longline-quilted-jacket-p05071688.html;316683359-818-2;      LONGLINE QUILTED JACKET      ;Parka made of technical fabric with padded interior. High collar with removable hood. Long sleeves with interior elastic cuffs. Welt pockets at chest and flap pockets at hip. Interior pocket. Adjustable interior waistband with drawstring. Adjustable hem with side elastics. Front zip hidden by a snap button flap.;169.0;USD;2024-02-19T08:51:03.976837;jackets;MAN
123824.0;Aisle;Yes;CLOTHING;No;2277.0;Zara;https://www.zara.com/us/en/wool-blend-suit-jacket-p04156504.html;322901350-800-46;      WOOL BLEND SUIT JACKET      ;Straight fit jacket made of wool blend fabric. Notched lapel collar and long sleeves with buttoned cuffs. Welt pockets at chest and flap pockets at hip. Interior pocket. Central vent at back hem. Front button closure.;169.0;USD;2024-02-19T08:51:04.381493;jackets;MAN
166345.0;Aisle;No;CLOTHING;Yes;1135.0;Zara;https://www.zara.com/us/en/hooded-knit-cardigan-p02621407.html;322929313-802-97;      HOODED KNIT CARDIGAN      ;Cotton knit jacket. Hooded collar and long sleeves. Rib trim. Front pouch pockets. Rib trim. Front zip closure.;69.9;USD;2024-02-19T08:51:04.832708;jackets;MAN
;;;;;;;;;;;;;;;
167981.0;End-cap;No;Clothng;No;730.0;Zara;https://www.zara.com/us/en/houndstooth-suit-jacket-p04285498.html;329706743-401-46;      HOUNDSTOOTH SUIT JACKET      ;Straight fit blazer. Notched lapel collar and long sleeves with buttoned cuffs. Welt pocket at chest and flap pockets at hip. Interior pocket. Back vents. Front button closure.;99999;USD;2024-02-19T08:51:05.729975;jackets;MAN
146839.0;Aisle;No;Clothng;No;1525.0;Zara;https://www.zara.com/us/en/bomber-jacket-p05344402.html;321496813-710-2;      BOMBER JACKET      ;Jacket with padded interior. Rib elastic collar and long sleeves. Flap pockets at hip and interior pocket. Rib trim. Front zip closure.;109.0;USD;2024-02-19T08:51:06.241653;jackets;MAN
187180.0;Front of Store;No;CLOTHING;Yes;647.0;Zara;https://www.zara.com/us/en/hooded-technical-jacket-p00155502.html;312596416-800-2;      HOODED TECHNICAL JACKET      ;Cropped jacket made of technical fabric. Hooded high collar and long sleeves with adjustable snap button cuffs. Front patch pockets with flaps at hips. Adjustable hem with side elastics. Front zip hidden by a snap button flap.;109.0;USD;2024-02-19T08:51:06.707251;jackets;MAN
167640.0;End-cap;Yes;clothing;Yes;1017.0;Zara;https://www.zara.com/us/en/hooded-technical-jacket-p08281355.html;311287132-251-2;      HOODED TECHNICAL JACKET      ;Jacket made of technical fabric. High collar with adjustable drawstring hood. Long sleeves with rib cuffs. Chest welt pocket and hip patch pockets. Interior pocket. Adjustable hem with elastics at sides. Front zip hidden by a snap button flap.;109.0;USD;2024-02-19T08:51:07.123755;jackets;MAN
165158.0;Front of Store;No;CLOTHNG;No;1622.0;Zara;https://www.zara.com/us/en/washed-effect-bomber-jacket-p08281307.html;323675323-700-2;      WASHED EFFECT BOMBER JACKET      ;Jacket made of technical fabric. Lapel collar and long sleeves with pocket detail. Welt pockets at hip and interior pocket. Washed effect. Elasticized trim. Front zip hidden by a snap button flap.;109.0;USD;2024-02-19T08:51:07.574182;jackets;MAN
;;;;;;;;;;;;;;;
120228.0;End-cap;No;CLOTHING;No;2347.0;Zara;https://www.zara.com/us/en/100-feather-fill-puffer-jacket-p00155480.html;327116625-505-2;      100% FEATHER FILL PUFFER JACKET      ;Puffer vest made of technical fabric. Fill is a blend of 60% down and 40% feather. Sleeveless design with high collar. Zip pockets at hip and interior pocket. Adjustable hem with side elastics. Front snap button closure.;89.9;USD;2024-02-19T08:51:09.075286;jackets;MAN
133078.0;Aisle;No;Clothng;Yes;-1.0;Zara;https://www.zara.com/us/en/padded-bomber-jacket-p03918400.html;311302424-409-2;      PADDED BOMBER JACKET      ;Jacket made of technical fabric with lightly padded interior. Rib elastic collar and long sleeves. Zip pockets at hip. Elastic hem. Front zip closure.;69.9;USD;2024-02-19T08:51:09.691591;jackets;MAN
137598.0;Aisle;No;CLOTHING;Yes;2839.0;Zara;https://www.zara.com/us/en/pocket-jacket-p04297266.html;329158644-605-2;      POCKET JACKET      ;Regular fit jacket with lapel collar and long sleeves. Patch pockets at chest and hip. Front button closure.;139.0;USD;2024-02-19T08:51:16.093596;jackets;MAN
138779.0;Front of Store;Yes;clothing;Yes;2801.0;Zara;https://www.zara.com/us/en/slim-fit-suit-jacket-p04239493.html;329300083-705-48;      SLIM FIT SUIT JACKET      ;Slim fit jacket made of viscose blend fabric. Notched lapel collar. Long sleeves with buttoned cuffs. Welt pocket at chest and flap pockets at hip. Interior pocket. Back vents. Front button closure.;139.0;USD;2024-02-19T08:51:16.538826;jackets;MAN
;;;;;;;;;;;;;;;
110295.0;End-cap;Yes;Clothng;No;1448.0;Zara;https://www.zara.com/us/en/hooded-denim-jacket-p01538428.html;322547863-811-2;      HOODED DENIM JACKET      ;Boxy fit jacket. High collar with adjustable hood and long sleeves with buttoned cuffs. Patch pockets with flaps at chest. Front straps with multi-functional ring. Washed effect. Front hidden zip and snap button closure.;129.0;USD;2024-02-19T08:51:17.402321;jackets;MAN
196427.0;Aisle;Yes;clothing;No;1401.0;Zara;https://www.zara.com/us/en/waxed-effect-plaid-jacket-p04272302.html;320600266-745-2;      WAXED EFFECT PLAID JACKET      ;Cropped jacket made of cotton with waxed finish. Lapel collar and long adjustable cuffed sleeves. Welt pockets at hip and interior pocket. Adjustable front drawcord hem. Front zip closure.;unknown;USD;2024-02-19T08:51:17.903438;jackets;MAN
;;;;;;;;;;;;;;;
132322.0;Front of Store;Yes;clothing;No;2135.0;Zara;https://www.zara.com/us/en/printed-denim-overshirt-p02553808.html;289179723-020-2;      PRINTED DENIM OVERSHIRT      ;Boxy fit overshirt. Lapel collar and short sleeves. Front snap button closure.;12.99;USD;2024-02-19T08:51:30.601748;jackets;MAN
199631.0;Front of Store;Yes;CLOTHNG;No;-1.0;Zara;https://www.zara.com/us/en/structured-twill-overshirt-p06861430.html;327747299-800-2;      STRUCTURED TWILL OVERSHIRT      ;Regular fit overshirt made of 22% wool fabric. Lapel collar and long sleeves with buttoned cuffs. Patch pocket at chest and side pockets at hip. Side vents at hem. Front button closure.;89.9;USD;2024-02-19T08:51:31.586576;jackets;MAN
182306.0;Front of Store;No;CLOTHNG;No;2805.0;Zara;https://www.zara.com/us/en/cotton-overshirt-p09621103.html;317782501-701-2;      COTTON OVERSHIRT      ;Relaxed fit overshirt made with cotton fabric. Lapel collar and long sleeves with buttoned cuffs. Flap patch pockets at chest and side hip pockets. Front button closure.;89.9;USD;2024-02-19T08:51:32.152112;jackets;MAN
194915.0;Aisle;Yes;clothing;No;1796.0;Zara;https://www.zara.com/us/en/reversible-plaid-overshirt-p09621301.html;311282298-099-2;      REVERSIBLE PLAID OVERSHIRT      ;Relaxed fit reversible overshirt. Italian collar and long sleeves with buttoned cuffs. Chest patch pocket. Front button closure.;79.9;USD;2024-02-19T08:51:32.570179;jackets;MAN
;;;;;;;;;;;;;;;
;;;;;;;;;;;;;;;
;;;;;;;;;;;;;;;
171061.0;Aisle;No;Clothng;Yes;2032.0;Zara;https://www.zara.com/us/en/plaid-overshirt-p08281303.html;320026789-714-2;      PLAID OVERSHIRT      ;Relaxed fit overshirt made of viscose blend fabric. Lapel collar and long sleeves with buttoned cuffs. Chest patch pocket. Front button closure.;59.9;USD;2024-02-19T08:51:34.443542;jackets;MAN
;;;;;-1.0;;;;;;;;;;
158781.0;End-cap;Yes;CLOTHNG;Yes;2443.0;Zara;https://www.zara.com/us/en/faux-suede-overshirt-p03715303.html;318209963-800-2;      FAUX SUEDE OVERSHIRT      ;Relaxed fit overshirt. Lapel collar and long sleeves. Chest patch pocket. Front snap button closure.;69.9;USD;2024-02-19T08:51:35.881086;jackets;MAN
;;;;;;;;;;;;;;;
152871.0;End-cap;No;CLOTHING;Yes;1847.0;Zara;https://www.zara.com/us/en/textured-pocket-overshirt-p01934436.html;312571093-710-2;      TEXTURED POCKET OVERSHIRT      ;Overshirt made of diagonal textured cotton fabric. Lapel collar and long sleeves with buttoned cuffs. Patch pockets at hip. Front button closure.;69.9;USD;2024-02-19T08:51:36.786369;jackets;MAN
;;;;;;;;;;;;;;;
;;;;;;;;;;;;;;;
;;;;;;;;;;;;;;;
173550.0;End-cap;No;clothing;Yes;1431.0;Zara;https://www.zara.com/us/en/pocket-overshirt-p05070314.html;323646471-802-2;      POCKET OVERSHIRT      ;Overshirt with lapel collar and long sleeves with buttoned cuffs. Chest patch pocket. Front button closure.;59.9;USD;2024-02-19T08:51:38.734215;jackets;MAN
175927.0;End-cap;No;clothing;Yes;1506.0;Zara;https://www.zara.com/us/en/zippered-wool-blend-overshirt-p05854401.html;312978838-611-2;      ZIPPERED WOOL BLEND OVERSHIRT      ;Relaxed fit overshirt made of wool blend fabric. Lapel collar and long sleeves with buttoned cuffs. Welt pockets at hip. Front zip closure.;109.0;USD;not_a_date;jackets;MAN
154278.0;End-cap;No;Clothng;Yes;2749.0;Zara;https://www.zara.com/us/en/geometric-jacquard-overshirt-p04196412.html;336446858-822-2;      GEOMETRIC JACQUARD OVERSHIRT      ;Relaxed fit overshirt made with cotton fabric. Lapel collar and long sleeves with buttoned cuffs. Welt pockets at hip. Front button closure.;unknown;USD;2024-02-19T08:51:39.644283;jackets;MAN
183537.0;Front of Store;Yes;Clothng;Yes;2434.0;Zara;https://www.zara.com/us/en/paint-print-overshirt-p05320305.html;281883711-071-2;      PAINT PRINT OVERSHIRT      ;Relaxed fit overshirt. Lapel collar and long sleeves with snap button cuffs. Chest patch pockets. Side vents at hem. Front snap button closure.;99999;USD;2024-02-19T08:51:40.120546;jackets;MAN
;;;;;;;;;;;;;;;
;;;;;;;;;;;;;;;
144012.0;Front of Store;Yes;CLOTHNG;No;743.0;Zara;https://www.zara.com/us/en/overshirt-with-contrasting-topstitching-p06917325.html;314937772-710-2;      OVERSHIRT WITH CONTRASTING TOPSTITCHING      ;Relaxed fit overshirt made with cotton fabric. Lapel collar and long sleeves with buttoned cuffs. Chest patch pocket. Contrasting topstitching all over the garment. Front button closure.;59.9;USD;2024-02-19T08:51:41.683535;jackets;MAN
147051.0;Front of Store;No;Clothng;No;2325.0;Zara;https://www.zara.com/us/en/quilted-structured-overshirt-p09621370.html;320278659-251-2;      QUILTED STRUCTURED OVERSHIRT      ;Regular fit overshirt with quilted interior. Lapel collar and long sleeves with buttoned cuffs. Patch pockets at chest and welt pockets at hip. Front button closure.;109.0;USD;2024-02-19T08:51:42.158903;jackets;MAN
185800.0;End-cap;No;Clothng;Yes;1841.0;Zara;https://www.zara.com/us/en/technical-overshirt-p05320500.html;321993245-500-2;      TECHNICAL OVERSHIRT      ;Regular fit overshirt with lightly padded interior. Lapel collar and long sleeves with buttoned cuffs. Flap pockets at hip. Front button closure.;109.0;USD;2024-02-19T08:51:42.644399;jackets;MAN
197524.0;Aisle;Yes;clothing;Yes;2231.0;Zara;https://www.zara.com/us/en/plaid-overshirt-p07446410.html;330590505-500-2;      PLAID OVERSHIRT      ;Relaxed fit overshirt. Lapel collar and long sleeves with buttoned cuffs. Chest patch pocket. Front button closure.;49.9;USD;2024-02-19T08:51:43.194626;jackets;MAN
148823.0;Aisle;No;CLOTHING;Yes;2211.0;Zara;https://www.zara.com/us/en/suede-fisherman-sandals-p12436320.html;320680326-107-39;      SUEDE FISHERMAN SANDALS      ;Fisherman sandals. Made of leather with a suede finish. Crossed straps at front. Buckled ankle strap closure. Slightly chunky soles.;89.9;USD;2024-02-19T09:00:28.426225;shoes;MAN
114550.0;End-cap;No;clothing;No;2114.0;Zara;https://www.zara.com/us/en/zipper-multipiece-sneakers-p12319220.html;311292244-800-39;      ZIPPER MULTIPIECE SNEAKERS      ;Running shoes. Upper in a combination of pieces and finishes. Front zip closure. Back pull tab for ease. Chunky soles with irregular design.;99999;USD;2024-02-19T09:00:29.045781;shoes;MAN
125398.0;Aisle;Yes;CLOTHNG;Yes;1350.0;Zara;https://www.zara.com/us/en/suede-laceless-sneakers-p12221320.html;311307610-400-39;      SUEDE LACELESS SNEAKERS      ;Slip on sneakers. Made of leather with a suede finish. Upper in a combination of pieces. Chunky sole.;99999;USD;2024-02-19T09:00:30.065752;shoes;MAN
123985.0;End-cap;No;CLOTHNG;No;2240.0;Zara;https://www.zara.com/us/en/multicolor-sneakers-p12304320.html;311302877-203-39;      MULTICOLOR SNEAKERS      ;Sneakers. Combination of colors and pieces at upper. Lacing with six pairs of eyelets. Chunky rubber sole with irregular design.;69.9;USD;2024-02-19T09:00:30.885861;shoes;MAN
186638.0;End-cap;Yes;CLOTHNG;No;1296.0;Zara;https://www.zara.com/us/en/retro-running-sneakers-p12350320.html;311302598-500-39;      RETRO RUNNING SNEAKERS      ;Running shoes. Upper in a combination of pieces and materials. Lacing with seven pairs of eyelets. Chunky lug soles. Retro-inspired design.;59.9;USD;2024-02-19T09:00:31.417902;shoes;MAN
167281.0;End-cap;Yes;CLOTHING;Yes;892.0;Zara;https://www.zara.com/us/en/suede-high-tops-p12120320.html;311297328-800-39;      SUEDE HIGH-TOPS      ;High top sneakers. Upper in a combination of pieces and materials. Lacing with seven pairs of eyelets. Chunky tonal sole.;59.9;USD;2024-02-19T09:00:32.028826;shoes;MAN
118578.0;End-cap;No;Clothng;Yes;1678.0;Zara;https://www.zara.com/us/en/suede-strap-sandals-p12707320.html;311302865-804-39;      SUEDE STRAP SANDALS      ;Sandals. Made of leather with a suede finish. Two crossed wide straps at instep. Thick lightweight soles.;49.9;USD;2024-02-19T09:00:32.665359;shoes;MAN
174041.0;End-cap;No;CLOTHNG;No;2016.0;Zara;https://www.zara.com/us/en/multipiece-sneakers-p12215320.html;311307489-203-39;      MULTIPIECE SNEAKERS      ;Sneakers. Upper in a combination of pieces and colors. Lacing with seven pairs of eyelets. Chunky sole with a combination of colors. Retro-inspired design.;49.9;USD;2024-02-19T09:00:33.381812;shoes;MAN
127644.0;Front of Store;No;CLOTHNG;Yes;1498.0;Zara;https://www.zara.com/us/en/topstitch-sneakers-p12240320.html;311287075-120-39;      TOPSTITCH SNEAKERS      ;Sneakers. Pieces and topstitching at upper. Lacing with six pairs of eyelets. Contrasting slightly chunky soles.;45.9;USD;2024-02-19T09:00:34.017423;shoes;MAN
;;;;;;;;;;;;;;;
147998.0;Aisle;No;clothing;No;2556.0;Zara;https://www.zara.com/us/en/retro-high-top-sneakers-p12180220.html;277776476-700-39;      RETRO HIGH TOP SNEAKERS      ;High-top sneakers. Upper in a combination of pieces. Laces with ten pairs of eyelets. Chunky sole.;9.99;USD;2024-02-19T09:00:36.249339;shoes;MAN
176666.0;Aisle;Yes;Clothng;No;2852.0;Zara;https://www.zara.com/us/en/multi-pieced-retro-sneakers-p12220320.html;313381662-202-39;      MULTI-PIECED RETRO SNEAKERS      ;Sneakers. Upper in a combination of pieces and colors. Lacing with six pairs of eyelets. Textured chunky soles. Retro style.;45.9;USD;2024-02-19T09:00:37.077290;shoes;MAN
193686.0;Aisle;Yes;clothing;No;1899.0;Zara;https://www.zara.com/us/en/tassel-leather-loafers-p12609320.html;311292343-700-39;      TASSEL LEATHER LOAFERS      ;Loafers. Made of leather. Smooth upper with ruching at toe. Decorative fringed tassels at instep. Rounded shape. Welt around upper. Chunky lug soles.;99.9;USD;2024-02-19T09:00:37.630307;shoes;MAN
;;;;;;;;;;;;;;;
170364.0;Aisle;No;CLOTHING;No;818.0;Zara;https://www.zara.com/us/en/strap-sandals-p12765320.html;315851805-800-39;      STRAP SANDALS      ;Sandals with two straps. The thin straps hug the instep. Slightly chunky sole.;45.9;USD;2024-02-19T09:00:39.391693;shoes;MAN
167599.0;Aisle;No;CLOTHING;No;1500.0;Zara;https://www.zara.com/us/en/suede-retro-sneakers-p12309320.html;311292644-400-39;      SUEDE RETRO SNEAKERS      ;Sneakers. Made of leather. Combination of finishes and materials at upper. Lacing with seven pairs of eyelets. Chunky sole in a combination of colors. Retro-inspired design.;59.9;USD;2024-02-19T09:00:40.449320;shoes;MAN
166421.0;End-cap;Yes;clothing;No;2878.0;Zara;https://www.zara.com/us/en/hiking-boots-p12103320.html;311302552-800-39;      HIKING BOOTS      ;Lace-up boots. Upper in a combination of pieces and finishes. Laces with metal appliqués and seven pairs of eyelets. Welt detail around upper. Rounded shape. Chunky lug soles.;79.9;USD;2024-02-19T09:00:41.705006;shoes;MAN
;;;;;;;;;;;;;;;
127314.0;End-cap;Yes;clothing;Yes;2076.0;Zara;https://www.zara.com/us/en/faux-shearling-lined-suede-boots-p12050320.html;311287147-723-39;      FAUX SHEARLING LINED SUEDE BOOTS      ;Ankle boots. Made of leather with a suede finish. Faux shearling interior and side detail. Rounded shape. Welt around upper. Back pull tab. Chunky lug soles.;99.9;USD;2024-02-19T09:00:43.146819;shoes;MAN
111979.0;Front of Store;No;Clothng;No;2734.0;Zara;https://www.zara.com/us/en/chunky-sole-multipiece-sneakers-p12266220.html;311307332-202-39;      CHUNKY SNEAKERS      ;Sneakers. Upper in a combination of pieces and textures. Shoelaces with six pairs of eyelets at different heights. Chunky irregular design soles. Retro-inspired design.;59.9;USD;2024-02-19T09:00:43.580910;shoes;MAN
120354.0;Aisle;Yes;CLOTHNG;No;2836.0;Zara;https://www.zara.com/us/en/double-strap-suede-sandals-p12716320.html;311282293-131-39;      DOUBLE STRAP SUEDE SANDALS      ;Sandals. Made of leather with a suede finish. Two wide straps at instep with buckles. Insole with anatomical shaped footbed. Welt around upper. Chunky lug soles.;99999;USD;2024-02-19T09:00:44.494819;shoes;MAN
144848.0;Front of Store;No;Clothng;No;2193.0;Zara;https://www.zara.com/us/en/chunky-sole-canvas-lace-up-boots-p12005320.html;311287149-800-39;      CHUNKY SOLE CANVAS LACE-UP BOOTS      ;High shaft boots. Lacing with eight pairs of eyelets. Back pull tab for ease. Rounded shape. Chunky lug soles.;89.9;USD;2024-02-19T09:00:45.935135;shoes;MAN
111957.0;Aisle;Yes;CLOTHING;No;2164.0;Zara;https://www.zara.com/us/en/suede-penny-loafers-p12644320.html;311307624-500-39;      SUEDE PENNY LOAFERS      ;Loafers. Made of leather with a suede finish. Ornamental saddle detail at instep. Rounded shape. Contrasting colored sole.;89.9;USD;2024-02-19T09:00:46.629270;shoes;MAN
160763.0;Front of Store;Yes;Clothng;Yes;991.0;Zara;https://www.zara.com/us/en/adherent-stripes-sneakers-p12269320.html;311282212-800-39;      ADHERENT STRIPES SNEAKERS      ;Sneakers. Monochromatic. Upper in a combination of pieces. Closure with three adhesive straps. Slightly chunky sole.;45.9;USD;2024-02-19T09:00:47.161331;shoes;MAN
168270.0;End-cap;Yes;Clothng;Yes;1525.0;Zara;https://www.zara.com/us/en/multipiece-sneakers-p12318220.html;311292281-203-39;      MULTIPIECE SNEAKERS      ;Running shoes. Upper in a combination of pieces and finishes. Lacing with six pairs of eyelets. Chunky soles with irregular design. Lug soles. Trek style.;unknown;USD;2024-02-19T09:00:47.683414;shoes;MAN
195082.0;Front of Store;No;Clothng;No;923.0;Zara;https://www.zara.com/us/en/chunky-sole-high-top-sneakers-p12104320.html;311302515-800-39;      CHUNKY SOLE HIGH TOP SNEAKERS      ;High top sneakers. Lacing with nine pairs of eyelets. Contrasting foxing around the upper. Chunky rubberized soles.;69.9;USD;2024-02-19T09:00:48.234772;shoes;MAN
110329.0;Front of Store;No;CLOTHING;Yes;2397.0;Zara;https://www.zara.com/us/en/contrast-sole-leather-sneakers-p12510320.html;314937773-800-39;      CONTRAST SOLE LEATHER SNEAKERS      ;Sneakers. Made of leather. Upper in a combination of pieces and finishes. Lacing with six pairs of eyelets. Rounded shape. Chunky sole.;69.9;USD;2024-02-19T09:00:48.858592;shoes;MAN
147449.0;End-cap;No;clothing;No;1191.0;Zara;https://www.zara.com/us/en/suede-running-sneakers-p12320320.html;316608794-802-39;      SUEDE RUNNING SNEAKERS      ;Running shoes. Made of suede leather. Upper in a combination of materials and colors. Lacing with six pairs of eyelets. Chunky soles with irregular design.;69.9;USD;2024-02-19T09:00:49.398791;shoes;MAN
193332.0;Aisle;Yes;Clothng;No;1237.0;Zara;https://www.zara.com/us/en/woven-leather-slides-p12708320.html;319205037-800-39;      WOVEN LEATHER SLIDES      ;Sandals. Made of leather. Three woven wide straps at instep. Chunky sole.;49.9;USD;2024-02-19T09:00:49.884546;shoes;MAN
146804.0;Aisle;Yes;CLOTHNG;No;1504.0;Zara;https://www.zara.com/us/en/suede-sneakers-p12216320.html;311307495-131-39;      SUEDE SNEAKERS      ;Sneakers. Made of leather with a suede finish. Contrast lacing with seven pairs of eyelets. Welt around upper. Chunky sole.;69.9;USD;2024-02-19T09:00:51.510009;shoes;MAN
188909.0;Aisle;Yes;clothing;Yes;2863.0;Zara;https://www.zara.com/us/en/asymmetric-cropped-knit-sweater-p06771149.html;336449731-712-1;      ASYMMETRIC CROPPED KNIT SWEATER      ;Woven V-neckline long sleeve sweater. Asymmetric hem.;39.9;USD;2024-02-19T09:10:31.877971;sweaters;WOMAN
165910.0;End-cap;Yes;CLOTHNG;No;2760.0;Zara;https://www.zara.com/us/en/knit-sweater-with-pearls-p02142249.html;313890651-712-2;      KNIT SWEATER WITH PEARLS      ;Sweater made with 22% wool and 10% alpaca. Round neck and long sleeves. Faux pearl appliqué.;69.9;USD;2024-02-19T09:10:32.534246;sweaters;WOMAN
136738.0;Front of Store;No;CLOTHNG;Yes;542.0;Zara;https://www.zara.com/us/en/high-collar-knit-sweater-p01509118.html;287414911-803-2;      HIGH COLLAR KNIT SWEATER      ;Sweater with high collar and long sleeves. Front pocket. Side vents at hem. Rib trim.;7.99;USD;2024-02-19T09:10:33.128884;sweaters;WOMAN
144497.0;End-cap;Yes;CLOTHING;Yes;1105.0;Zara;https://www.zara.com/us/en/striped-knit-sweater-p06427115.html;342171615-104-2;      STRIPED KNIT SWEATER      ;Sweater with high collar and long sleeves. Front zip closure.;49.9;USD;2024-02-19T09:10:33.890995;sweaters;WOMAN
135036.0;End-cap;Yes;CLOTHNG;No;1435.0;Zara;https://www.zara.com/us/en/cable-knit-metallic-sweater-p04369103.html;314152967-485-2;      CABLE KNIT METALLIC SWEATER      ;Round neck long sleeve sweater. Metallic fabric detail and frayed trim.;49.9;USD;2024-02-19T09:10:34.521463;sweaters;WOMAN
;;;;;;;;;;;;;;;
139789.0;Aisle;No;Clothng;Yes;-1.0;Zara;https://www.zara.com/us/en/wool-and-cashmere-blend-rib-sweater-p02893054.html;316900618-809-2;      WOOL AND CASHMERE BLEND RIB SWEATER      ;Sweater made with 80% wool and 20% cashmere. Round neck and long sleeves.;69.9;USD;2024-02-19T09:10:35.641404;sweaters;WOMAN
;;;;;;;;;;;;;;;
155848.0;End-cap;Yes;CLOTHNG;No;1942.0;Zara;https://www.zara.com/us/en/mock-neck-wool-and-silk-blend-knit-top-p09598125.html;324597432-800-2;      MOCK NECK WOOL AND SILK BLEND KNIT TOP      ;Wool and silk blend top. High collar and long sleeves.;49.9;USD;2024-02-19T09:10:36.839166;sweaters;WOMAN
152563.0;Front of Store;No;Clothng;Yes;2572.0;Zara;https://www.zara.com/us/en/cashmere-blend-knit-sweater-p02893169.html;313890686-731-2;      CASHMERE BLEND KNIT SWEATER      ;Sweater made with 95% cashmere. V-neck and long sleeves. Rib trim.;99999;USD;2024-02-19T09:10:37.484871;sweaters;WOMAN
115153.0;Aisle;No;Clothng;No;1736.0;Zara;https://www.zara.com/us/en/alpaca-blend-open-knit-sweater-p05755132.html;313890650-712-2;      ALPACA BLEND OPEN KNIT SWEATER      ;Sweater made with 63% alpaca. Round neck and long sleeves.;79.9;USD;2024-02-19T09:10:38.362632;sweaters;WOMAN
125938.0;Aisle;Yes;CLOTHNG;Yes;1204.0;Zara;https://www.zara.com/us/en/oversized-knit-sweater-p09598288.html;313890680-450-2;      OVERSIZED KNIT SWEATER      ;Sweater made with 20% wool and 17% alpaca. Crew neck and long sleeves. Tonal rib trim.;49.9;USD;2024-02-19T09:10:38.884024;sweaters;WOMAN
;;;;;;;;;;;;;;;
;;;;;;;;;;;;;;;
182779.0;End-cap;Yes;Clothng;Yes;2097.0;Zara;https://www.zara.com/us/en/faux-fur-jewel-sweater-p07901339.html;324814227-400-2;      FAUX FUR JEWEL SWEATER      ;Round neck short sleeve sweater. Soft feel faux fur fabric. Jewel appliqués.;35.9;USD;2024-02-19T09:10:40.681401;sweaters;WOMAN
;;;;;;;;;;;;;;;
;;;;;;;;;;;;;;;
148230.0;Front of Store;Yes;clothing;No;2494.0;Zara;https://www.zara.com/us/en/jewel-knit-sweater-p05755005.html;321480271-802-2;      JEWEL KNIT SWEATER      ;Round neck sweater with jewel appliqués and long sleeves. Back opening with button closure.;59.9;USD;2024-02-19T09:10:42.593244;sweaters;WOMAN
126979.0;Front of Store;No;CLOTHNG;No;2141.0;Zara;https://www.zara.com/us/en/knit-sweater-with-piping-p05536151.html;311297787-806-1;      KNIT SWEATER WITH PIPING      ;Round neck long sleeve sweater. Contrasting piping detail. Rib trim.;49.9;USD;2024-02-19T09:10:43.379668;sweaters;WOMAN
;;;;;;;;;;;;;;;
185809.0;End-cap;No;Clothng;No;622.0;Zara;https://www.zara.com/us/en/knit-sweater-with-rips-p00021110.html;313890688-330-1;      KNIT SWEATER WITH RIPS      ;Round neck long sleeve sweater. Openwork detail with rips.;49.9;USD;2024-02-19T09:10:44.463883;sweaters;WOMAN
171520.0;End-cap;Yes;Clothng;Yes;2901.0;Zara;https://www.zara.com/us/en/gathered-waist-knit-sweater-p05536012.html;322451460-800-1;      GATHERED WAIST KNIT SWEATER      ;Round neck long sleeve sweater. Fitted waist with side ruching.;47.9;USD;2024-02-19T09:10:45.009106;sweaters;WOMAN
122926.0;End-cap;No;CLOTHNG;No;867.0;Zara;https://www.zara.com/us/en/knit-v-neck-sweater-p06771003.html;319465261-800-2;      KNIT V-NECK SWEATER      ;V-neck sweater with long sleeves. Rib trim.;45.9;USD;2024-02-19T09:10:45.631804;sweaters;WOMAN
;;;;;;;;;;;;;;;
115873.0;End-cap;Yes;CLOTHING;Yes;2606.0;Zara;https://www.zara.com/us/en/contrast-topstitching-crop-knit-sweater-p09598003.html;311297400-803-1;      CONTRAST TOPSTITCHING CROP KNIT SWEATER      ;V-neck cropped sweater with long sleeves. Front patch pockets. Contrast topstitching.;59.9;USD;2024-02-19T09:10:46.622912;sweaters;WOMAN
;;;;;;;;;;;;;;;
;;;;;;;;;;;;;;;
122484.0;Aisle;Yes;CLOTHING;Yes;558.0;Zara;https://www.zara.com/us/en/v-neck-knit-sweater-p03519001.html;319473750-809-1;      V-NECK KNIT SWEATER      ;V-neck sweater with long sleeves. Side vents at hem.;47.9;USD;2024-02-19T09:10:48.719383;sweaters;WOMAN
183574.0;Aisle;Yes;CLOTHING;Yes;1752.0;Zara;https://www.zara.com/us/en/foil-knit-crop-sweater-p06771001.html;331789902-808-1;      FOIL KNIT CROP SWEATER      ;Ribbed sweater with round neck and long sleeves. Ripped hem.;47.9;USD;2024-02-19T09:10:49.285266;sweaters;WOMAN
185307.0;Front of Store;No;clothing;Yes;2743.0;Zara;https://www.zara.com/us/en/basic-100-wool-sweater-p02893106.html;300250126-401-2;      BASIC 100% WOOL SWEATER      ;Sweater made of 100% wool. Round neck and long sleeves. Ribbed trim.;7.99;USD;2024-02-19T09:10:49.913569;sweaters;WOMAN
118719.0;End-cap;No;CLOTHNG;Yes;-1.0;Zara;https://www.zara.com/us/en/colorblock-knit-crop-sweater-p05536008.html;320052978-401-2;      COLORBLOCK KNIT CROP SWEATER      ;Short sweater with round neck and long sleeves.;45.9;USD;2024-02-19T09:10:50.612150;sweaters;WOMAN
134788.0;Front of Store;No;CLOTHING;No;2179.0;Zara;https://www.zara.com/us/en/fine-knit-sweater-p09598045.html;324722597-400-2;      FINE KNIT SWEATER      ;V-neck sweater with long sleeves.;unknown;USD;2024-02-19T09:10:51.189028;sweaters;WOMAN
140142.0;Front of Store;Yes;Clothng;No;606.0;Zara;https://www.zara.com/us/en/knit-open-back-pearly-sweater-p04331152.html;328207551-500-2;      KNIT OPEN BACK PEARLY SWEATER      ;High collar sweater with long sleeves. Open back detail and pearl appliqués. Back button closure.;49.9;USD;2024-02-19T09:10:51.785857;sweaters;WOMAN
153997.0;End-cap;No;clothing;Yes;1608.0;Zara;https://www.zara.com/us/en/knit-pearl-sweater-p04331165.html;318131967-800-2;      KNIT PEARL SWEATER      ;Round neck long sleeve sweater. Tonal pearl appliqués and open back with tie.;45.9;USD;2024-02-19T09:10:52.485772;sweaters;WOMAN
123230.0;Aisle;No;Clothng;Yes;880.0;Zara;https://www.zara.com/us/en/striped-textured-overshirt-p04179056.html;324027512-064-2;      STRIPED TEXTURED OVERSHIRT      ;Relaxed fit overshirt. Lapel collar and long sleeves with buttoned cuffs. Patch pockets at hip. Front button closure.;69.9;USD;2024-02-19T08:51:28.667099;jackets;MAN
154676.0;Aisle;No;CLOTHNG;No;943.0;Zara;https://www.zara.com/us/en/fleece-overshirt-p01248320.html;311292623-712-97;      FLEECE OVERSHIRT      ;Regular fit overshirt. Lapel collar and long sleeves with buttoned cuffs. Chest patch pockets. Front button closure.;69.9;USD;2024-02-19T08:51:29.090402;jackets;MAN
;;;;;;;;;;;;;;;
175584.0;Front of Store;No;CLOTHNG;No;-1.0;Zara;https://www.zara.com/us/en/baggy-fit-jeans-limited-edition-p03991480.html;324908098-800-38;      BAGGY FIT JEANS LIMITED EDITION      ;Baggy jeans. Five pockets. Washed effect. Front zip and button closure.;69.9;USD;2024-02-19T08:54:37.718200;jeans;MAN
;;;;;;;;;;;;;;;
;;;;;;;;;;;;;;;
141547.0;End-cap;No;CLOTHNG;No;1426.0;Zara;https://www.zara.com/us/en/baggy-fit-jeans-p06688486.html;315738965-802-34;      BAGGY FIT JEANS      ;Baggy fit jeans. Five pockets. Washed effect. Front zip and button closure.;69.9;USD;2024-02-19T08:54:39.496146;jeans;MAN
156342.0;Front of Store;Yes;Clothng;Yes;1466.0;Zara;https://www.zara.com/us/en/flared-fit-cargo-jeans-p06688411.html;311287318-400-38;      FLARED FIT CARGO JEANS      ;Flared jeans. Patch pockets with flaps at hip. Patch pocket appliqués at legs. Washed effect. Adjustable hem with zippers. Front zipper and crossover button closure.;109.0;USD;2024-02-19T08:54:39.950692;jeans;MAN
;;;;;;;;;;;;;;;
;;;;;;;;;;;;;;;
134429.0;Aisle;No;Clothng;No;2914.0;Zara;https://www.zara.com/us/en/ripped-straight-fit-jeans-p03991404.html;311303003-407-38;      RIPPED STRAIGHT FIT JEANS      ;Straight fit jeans. Five pockets. Washed effect with rips at legs. Front button closure.;69.9;USD;2024-02-19T08:54:41.651379;jeans;MAN
172816.0;Aisle;No;CLOTHING;Yes;1524.0;Zara;https://www.zara.com/us/en/textured-sweater-p02893403.html;311307250-710-3;      TEXTURED SWEATER      ;Sweater made of 30% wool thread. Round neck and long sleeves. Rib trim.;69.9;USD;2024-02-19T08:54:44.291927;sweaters;MAN
136272.0;End-cap;No;Clothng;Yes;2887.0;Zara;https://www.zara.com/us/en/purl-knit-sweater-p03332300.html;267195405-500-3;      PURL KNIT SWEATER      ;High collar sweater with front zipper. Long sleeves. Rib trim.;12.99;USD;2024-02-19T08:54:45.320958;sweaters;MAN
193227.0;End-cap;Yes;Clothng;Yes;1778.0;Zara;https://www.zara.com/us/en/braided-color-block-sweater-p03284412.html;317894313-707-3;      BRAIDED COLOR BLOCK SWEATER      ;Round neck long sleeve full cut sweater. Rib trim.;69.9;USD;2024-02-19T08:54:45.927706;sweaters;MAN
;;;;;;;;;;;;;;;
174708.0;Front of Store;No;CLOTHNG;Yes;529.0;Zara;https://www.zara.com/us/en/abstract-jacquard-sweater-p03284407.html;317889153-700-3;      ABSTRACT JACQUARD SWEATER      ;Full cut cotton knit sweater. Round neck and long sleeves. Rib trim.;59.9;USD;2024-02-19T08:54:47.065078;sweaters;MAN
142257.0;Aisle;Yes;CLOTHING;Yes;1180.0;Zara;https://www.zara.com/us/en/basic-slim-fit-t-shirt-p05584361.html;315241755-800-2;      BASIC SLIM FIT T-SHIRT      ;Slim fit shirt. Round neck and short sleeves.;19.9;USD;2024-02-19T08:56:26.127459;t-shirts;MAN
;;;;;;;;;;;;;;;
129134.0;Aisle;No;clothing;Yes;1831.0;Zara;https://www.zara.com/us/en/basic-heavyweight-t-shirt-p01887450.html;316715458-250-2;      BASIC HEAVYWEIGHT T-SHIRT      ;Roomy T-shirt made of dense cotton. Round neck and short sleeves.;29.9;USD;2024-02-19T08:56:27.459508;t-shirts;MAN
;;;;;;;;;;;;;;;
189692.0;End-cap;Yes;clothing;No;1553.0;Zara;https://www.zara.com/us/en/text-t-shirt-p00962458.html;330077856-251-2;      TEXT T-SHIRT      ;Boxy fit T-shirt. Round neck and short sleeves. Velvet effect print with contrast text.;39.9;USD;2024-02-19T08:56:28.447616;t-shirts;MAN
154846.0;End-cap;Yes;CLOTHNG;No;917.0;Zara;https://www.zara.com/us/en/printed-cropped-fit-shirt-limited-edition-p06224490.html;328232452-898-2;      PRINTED CROPPED FIT SHIRT LIMITED EDITION      ;Cropped shirt. Round neckline. Contrasting front print. Washed effect. Irregular trim.;39.9;USD;2024-02-19T08:56:28.979960;t-shirts;MAN
122307.0;End-cap;No;CLOTHING;No;702.0;Zara;https://www.zara.com/us/en/ribbed-knit-t-shirt-p03332431.html;317230892-251-3;      RIBBED KNIT T-SHIRT      ;Cotton knit tank top. Round neck with front button closure. Rib trim.;49.9;USD;2024-02-19T08:56:29.503270;t-shirts;MAN
182099.0;Aisle;Yes;clothing;No;1978.0;Zara;https://www.zara.com/us/en/oversize-fit-t-shirt-p04092405.html;330478123-712-2;      OVERSIZE FIT T-SHIRT      ;Oversized T-shirt. Round neck and short sleeves.;39.9;USD;2024-02-19T08:56:30.052250;t-shirts;MAN
;;;;;;;;;;;;;;;
165326.0;Aisle;No;CLOTHING;No;1188.0;Zara;https://www.zara.com/us/en/structured-text-t-shirt-p00761434.html;319334069-712-2;      STRUCTURED TEXT T-SHIRT      ;Full cut T-shirt made of mesh textured fabric. Contrast rib V-neckline and short sleeves. Front contrast printed text.;45.9;USD;2024-02-19T08:56:31.128680;t-shirts;MAN
185154.0;Aisle;Yes;CLOTHNG;No;996.0;Zara;https://www.zara.com/us/en/abstract-print-t-shirt-p06224403.html;311307261-712-2;      ABSTRACT PRINT T-SHIRT      ;Full cut T-shirt with crew neck and short sleeves. Contrasting front and back prints. Washed effect.;39.9;USD;not_a_date;t-shirts;MAN
141330.0;Aisle;No;Clothng;Yes;1915.0;Zara;https://www.zara.com/us/en/raised-text-t-shirt-limited-edition-p00977490.html;323216369-922-2;      RAISED TEXT T-SHIRT LIMITED EDITION      ;Full cut T-shirt with round neck and short sleeves. Front tonal raised text. Washed effect.;39.9;USD;2024-02-19T08:56:32.570492;t-shirts;MAN
158958.0;End-cap;No;clothing;No;903.0;Zara;https://www.zara.com/us/en/ribbed-knit-t-shirt-p04805409.html;320111404-428-2;      RIBBED KNIT T-SHIRT      ;Cropped fit knit shirt. Round neck and long sleeves. Washed effect.;45.9;USD;2024-02-19T08:56:33.167445;t-shirts;MAN
155010.0;Aisle;Yes;Clothng;Yes;729.0;Zara;https://www.zara.com/us/en/semi-sheer-knit-shirt-limited-edition-p04805424.html;328232445-800-2;      SEMI-SHEER KNIT SHIRT LIMITED EDITION      ;Slim fit shirt made of wrinkle effect fabric. Round neck and long sleeves.;45.9;USD;2024-02-19T08:56:33.715892;t-shirts;MAN
;;;;;;;;;;;;;;;
147690.0;Aisle;Yes;clothing;No;-1.0;Zara;https://www.zara.com/us/en/striped-jacquard-t-shirt-p05372400.html;322909502-819-2;      STRIPED JACQUARD T-SHIRT      ;Relaxed fit T-shirt with round neck and short sleeves.;39.9;USD;2024-02-19T08:56:34.766636;t-shirts;MAN
;;;;;;;;;;;;;;;
196752.0;End-cap;No;Clothng;No;2227.0;Zara;https://www.zara.com/us/en/structured-text-t-shirt-p00761435.html;319334070-401-2;      STRUCTURED TEXT T-SHIRT      ;Full cut T-shirt made of mesh textured fabric. Contrast rib V-neckline and short sleeves. Front contrast printed text.;45.9;USD;2024-02-19T08:56:35.985294;t-shirts;MAN
;;;;;;;;;;;unknown;;;;
;;;;;;;;;;;;;;;
;;;;;;;;;;;;;;;
119044.0;Aisle;No;CLOTHNG;Yes;1140.0;Zara;https://www.zara.com/us/en/soft-jewel-sweater-p02298153.html;320026789-714-2;      CROPPED LEATHER JACKET      ;Relaxed fit overshirt made of 25% wool fabric. Lapel collar and long sleeves with buttoned cuffs. Patch pocket at chest and side pockets at hip. Front button closure.;169.0;USD;2024-02-19T09:10:33.890995;sweaters;MAN
121348.0;End-cap;No;clothing;Yes;1008.0;Zara;https://www.zara.com/us/en/faux-fur-jewel-sweater-p07901339.html;323216360-406-2;      FAUX LEATHER BOXY FIT JACKET      ;Relaxed fit overshirt made of stretch fabric. Lapel collar and long sleeves with buttoned cuffs. Chest patch pocket. Front button closure.;169.0;USD;not_a_date;t-shirts;MAN
;;;;;;;;;;;;;;;
185774.0;End-cap;Yes;CLOTHNG;Yes;1145.0;Zara;https://www.zara.com/us/en/knit-sweater-with-buttons-p08851131.html;316727555-700-2;      FAUX SUEDE BOMBER JACKET      ;Overshirt with lapel collar and long sleeves with buttoned cuffs. Chest patch pocket. Front button closure.;19.99;USD;2024-02-19T09:10:35.641404;t-shirts;MAN
;;;;;;;;;;;;;;;
195103.0;Aisle;Yes;Clothng;No;2849.0;Zara;https://www.zara.com/us/en/knit-sweater-with-piping-p05536151.html;330290387-401-2;      BOUCLÉ TEXTURED JACKET      ;Varsity jacket with elastic collar and long sleeves. Welt pockets at hip and interior pocket. Embroidered appliqué and contrast front and back patches. Rib trim. Front snap button closure.;109.0;USD;2024-02-19T09:10:36.839166;t-shirts;MAN
;;;;;;;;;;;;;;;
123077.0;Front of Store;No;Clothng;No;1603.0;Zara;https://www.zara.com/us/en/knit-sweater-with-rips-p00021110.html;320671529-802-2;      JACQUARD DENIM JACKET      ;Jacket made of technical fabric with padded interior. Lapel collar and long sleeves with elastic cuffs. Welt pockets at hip and interior pocket. Adjustable drawstring hem. Front snap button closure.;109.0;USD;2024-02-19T09:10:38.362632;t-shirts;MAN
171860.0;Aisle;Yes;CLOTHNG;No;707.0;Zara;https://www.zara.com/us/en/gathered-waist-knit-sweater-p05536012.html;323646471-802-2;      PADDED DENIM JACKET      ;Slightly cropped denim jacket. Lapel collar and long sleeves with buttoned cuffs. Flap patch pocket at chest and side hip. Washed effect. Front button closure.;109.0;USD;2024-02-19T09:10:38.884024;t-shirts;MAN
;;;;;-1.0;;;;;;;;;;
168516.0;Front of Store;Yes;clothing;No;2168.0;Zara;https://www.zara.com/us/en/basic-foil-knit-sweater-p00506101.html;336446858-822-2;      LIGHTWEIGHT BOMBER JACKET      ;Jacket made of faux shearling fabric. V-neckline and long sleeves with elastic cuffs. Lined interior with structured mesh fabric. Welt pockets at hip. Adjustable hem with side elastics. Front snap button closure.;89.9;USD;2024-02-19T09:10:39.911179;t-shirts;MAN
177771.0;End-cap;Yes;CLOTHING;Yes;1764.0;Zara;https://www.zara.com/us/en/contrast-topstitching-crop-knit-sweater-p09598003.html;281883711-071-2;      SUIT JACKET      ;Jacket with lightly padded interior. Corduroy lapel collar. Long sleeves. Patch pockets at hip. Front button closure.;69.9;USD;2024-02-19T09:10:40.681401;t-shirts;MAN
172015.0;End-cap;Yes;Clothng;Yes;-1.0;Zara;https://www.zara.com/us/en/striped-crop-knit-sweater-p06771158.html;313008692-514-2;      FAUX LEATHER BOMBER JACKET      ;Cropped overshirt. Lapel collar and long sleeves with buttoned cuffs. Front patch pockets. Irregular finished seams. Front button closure.;139.0;USD;2024-02-19T09:10:41.519426;t-shirts;MAN
;;;;;;;;;;;;;;;
112194.0;Aisle;Yes;clothing;Yes;2187.0;Zara;https://www.zara.com/us/en/v-neck-knit-sweater-p03519001.html;314937772-710-2;      STRETCH POCKET OVERSHIRT      ;Varsity jacket made of faux suede fabric. Double welt pockets at hip and interior pocket. Front and back contrasting patch appliqués and embroidery. Rib trim. Front snap button closure.;unknown;USD;2024-02-19T09:10:42.593244;jackets;MAN
113435.0;Aisle;No;CLOTHING;Yes;2973.0;Zara;https://www.zara.com/us/en/foil-knit-crop-sweater-p06771001.html;320278659-251-2;      RIB COLLAR JACKET      ;Overshirt made of stretchy fabric. Lapel collar and long sleeves with snap buttoned cuffs. Chest patch pockets. Front snap button closure.;129.0;USD;2024-02-19T09:10:43.379668;jackets;MAN
159182.0;Front of Store;Yes;CLOTHING;No;1014.0;Zara;https://www.zara.com/us/en/basic-100-wool-sweater-p02893106.html;321993245-500-2;      FAUX LEATHER OVERSIZED JACKET LIMITED EDITION      ;Jacket made of technical fabric with padded interior. Tonal elastic rib high collar. Long sleeves. Welt pockets at hip and interior pocket. Interior elastic finish. Front zip closure.;99999;USD;2024-02-19T09:10:43.883037;jackets;MAN
199233.0;Aisle;Yes;CLOTHING;No;2222.0;Zara;https://www.zara.com/us/en/colorblock-knit-crop-sweater-p05536008.html;330590505-500-2;      CONTRASTING PATCHES BOMBER JACKET      ;Oversized jacket. Notched lapel collar and long sleeves. Flap pockets at hip and interior pocket. Front button closure.;159.0;USD;2024-02-19T09:10:44.463883;jackets;MAN
137044.0;Aisle;No;Clothng;Yes;2534.0;Zara;https://www.zara.com/us/en/hooded-technical-jacket-p01538301.html;320680326-107-39;      PATCH BOMBER JACKET      ;Varsity jacket with elastic collar and long sleeves. Welt pockets at hip and interior pocket. Embroidered appliqué and contrast front and back patches. Rib trim. Front snap button closure.;12.99;USD;2024-02-19T09:10:45.009106;jackets;MAN
154736.0;Front of Store;Yes;clothing;Yes;1466.0;Zara;https://www.zara.com/us/en/houndstooth-suit-jacket-p04285498.html;311292244-800-39;      CROPPED BOMBER JACKET LIMITED EDITION      ;Varsity jacket with padded interior. Rib elastic collar and long sleeves in contrast faux leather. Double welt pockets at hip and interior pocket. Contrasting patch appliqués at front and back. Rib trim. Front snap button closure.;19.9;USD;2024-02-19T09:10:45.631804;jackets;MAN
141434.0;Front of Store;No;Clothng;Yes;2870.0;Zara;https://www.zara.com/us/en/bomber-jacket-p05344402.html;311307610-400-39;      FAUX LEATHER PUFFER JACKET      ;Jacket with lightly padded interior. Rib collar and long sleeves. Flap pockets at waist. Rib trim. Front asymmetric zip closure.;39.9;USD;2024-02-19T09:10:31.877972;jackets;MAN
171061.0;Aisle;No;CLOTHNG;Yes;2032.0;Zara;https://www.zara.com/us/en/plaid-overshirt-p08281303.html;320026789-714-2;      PLAID OVERSHIRT      ;Relaxed fit overshirt made of viscose blend fabric. Lapel collar and long sleeves with buttoned cuffs. Chest patch pocket. Front button closure.;59.9;USD;2024-02-19T08:51:34.443542;jackets;MAN
173508.0;Aisle;Yes;CLOTHNG;No;1658.0;Zara;https://www.zara.com/us/en/pocket-jacket-p06318507.html;322410604-401-2;      POCKET JACKET      ;Jacket made of dense technical fabric. Lapel collar and long sleeves with buttoned cuffs. Multi-functional front pockets. Front zip hidden by a snap button flap.;129.0;USD;2024-02-19T08:50:41.427891;jackets;MAN
182099.0;Aisle;Yes;CLOTHNG;No;1978.0;Zara;https://www.zara.com/us/en/oversize-fit-t-shirt-p04092405.html;330478123-712-2;      OVERSIZE FIT T-SHIRT      ;Oversized T-shirt. Round neck and short sleeves.;39.9;USD;2024-02-19T08:56:30.052250;t-shirts;MAN
;;;;;;;;;;;;;;;
144012.0;Front of Store;Yes;CLOTHING;No;743.0;Zara;https://www.zara.com/us/en/overshirt-with-contrasting-topstitching-p06917325.html;314937772-710-2;      OVERSHIRT WITH CONTRASTING TOPSTITCHING      ;Relaxed fit overshirt made with cotton fabric. Lapel collar and long sleeves with buttoned cuffs. Chest patch pocket. Contrasting topstitching all over the garment. Front button closure.;59.9;USD;2024-02-19T08:51:41.683535;jackets;MAN
;;;;;;;;;;;;;;;
196752.0;End-cap;No;CLOTHNG;No;2227.0;Zara;https://www.zara.com/us/en/structured-text-t-shirt-p00761435.html;319334070-401-2;      STRUCTURED TEXT T-SHIRT      ;Full cut T-shirt made of mesh textured fabric. Contrast rib V-neckline and short sleeves. Front contrast printed text.;45.9;USD;2024-02-19T08:56:35.985294;t-shirts;MAN
;;;;;;;;;;;;;;;
177131.0;Aisle;Yes;CLOTHING;Yes;1733.0;Zara;https://www.zara.com/us/en/boucle-textured-vest-p01437303.html;319502128-515-2;      BOUCLE TEXTURED VEST      ;Vest made of viscose and wool blend fabric. V-neckline. Patch pockets at hip. Front zip closure.;69.9;USD;2024-02-19T08:51:00.909778;jackets;MAN
172816.0;Aisle;No;clothing;Yes;1524.0;Zara;https://www.zara.com/us/en/textured-sweater-p02893403.html;311307250-710-3;      TEXTURED SWEATER      ;Sweater made of 30% wool thread. Round neck and long sleeves. Rib trim.;69.9;USD;2024-02-19T08:54:44.291927;sweaters;MAN
;;;;;;;;;;;;;;;
123150.0;End-cap;Yes;Clothng;No;2074.0;Zara;https://www.zara.com/us/en/cropped-bomber-jacket-limited-edition-p08281600.html;330274270-800-2;      CROPPED BOMBER JACKET LIMITED EDITION      ;Jacket with lightly padded interior. Rib collar and long sleeves. Flap pockets at waist. Rib trim. Front asymmetric zip closure.;129.0;USD;2024-02-19T08:50:24.492261;jackets;MAN
146804.0;Aisle;Yes;CLOTHING;No;1504.0;Zara;https://www.zara.com/us/en/suede-sneakers-p12216320.html;311307495-131-39;      SUEDE SNEAKERS      ;Sneakers. Made of leather with a suede finish. Contrast lacing with seven pairs of eyelets. Welt around upper. Chunky sole.;69.9;USD;2024-02-19T09:00:51.510009;shoes;MAN
191230.0;End-cap;No;CLOTHNG;No;966.0;Zara;https://www.zara.com/us/en/patch-bomber-jacket-p03918330.html;311287528-811-2;      PATCH BOMBER JACKET      ;Varsity jacket made of faux suede fabric. Double welt pockets at hip and interior pocket. Front and back contrasting patch appliqués and embroidery. Rib trim. Front snap button closure.;89.9;USD;2024-02-19T08:50:20.940517;jackets;MAN
186681.0;End-cap;No;CLOTHNG;Yes;1717.0;Zara;https://www.zara.com/us/en/lightweight-puffer-jacket-p04302520.html;267133943-711-2;      LIGHTWEIGHT PUFFER JACKET      ;Padded jacket made of technical fabric. High collar and long sleeves. Welt pockets at hip. Elasticized trim. Front zip closure.;99999.0;USD;2024-02-19T08:50:40.213708;jackets;MAN
133100.0;End-cap;Yes;CLOTHNG;No;-1.0;Zara;https://www.zara.com/us/en/puffer-jacket-with-pouch-pocket-p00155401.html;311302445-445-97;      PUFFER JACKET WITH POUCH POCKET      ;Jacket made of technical fabric with padded interior. High collar with front zip closure and long sleeves with elastic strap cuffs. Front and back contrast embroidered text. Zip pockets at hip. Adjustable elastic strap at hem with side zippers and strap.;99999.0;USD;2024-02-19T08:50:37.262777;jackets;MAN
146839.0;Aisle;No;CLOTHING;No;1525.0;Zara;https://www.zara.com/us/en/bomber-jacket-p05344402.html;321496813-710-2;      BOMBER JACKET      ;Jacket with padded interior. Rib elastic collar and long sleeves. Flap pockets at hip and interior pocket. Rib trim. Front zip closure.;109.0;USD;2024-02-19T08:51:06.241653;jackets;MAN
120354.0;Aisle;Yes;Clothng;No;2836.0;Zara;https://www.zara.com/us/en/double-strap-suede-sandals-p12716320.html;311282293-131-39;      DOUBLE STRAP SUEDE SANDALS      ;Sandals. Made of leather with a suede finish. Two wide straps at instep with buckles. Insole with anatomical shaped footbed. Welt around upper. Chunky lug soles.;59.9;USD;2024-02-19T09:00:44.494819;shoes;MAN
112917.0;Aisle;Yes;clothing;Yes;1568.0;Zara;https://www.zara.com/us/en/stretch-suit-jacket-p01564300.html;328303236-420-44;      STRETCH SUIT JACKET      ;Slim fit jacket made of viscose blend fabric. Notched lapel collar. Long sleeves with buttoned cuffs. Welt pocket at chest and flap pockets at hip. Interior pocket. Back vents. Front button closure.;129.0;USD;2024-02-19T08:50:07.882922;jackets;MAN
147947.0;Aisle;Yes;Clothng;Yes;1249.0;Zara;https://www.zara.com/us/en/faux-shearling-plaid-jacket-p00993305.html;311297724-700-97;      FAUX SHEARLING PLAID JACKET      ;Jacket made of faux shearling fabric. V-neckline and long sleeves with elastic cuffs. Lined interior with structured mesh fabric. Welt pockets at hip. Adjustable hem with side elastics. Front snap button closure.;89.9;USD;not_a_date;jackets;MAN
155010.0;Aisle;Yes;CLOTHING;Yes;729.0;Zara;https://www.zara.com/us/en/semi-sheer-knit-shirt-limited-edition-p04805424.html;328232445-800-2;      SEMI-SHEER KNIT SHIRT LIMITED EDITION      ;Slim fit shirt made of wrinkle effect fabric. Round neck and long sleeves.;45.9;USD;2024-02-19T08:56:33.715892;t-shirts;MAN
;;;;;;;;;;;;;;;
;;;;;;;;;;;;;;;
196752.0;End-cap;No;CLOTHNG;No;2227.0;Zara;https://www.zara.com/us/en/structured-text-t-shirt-p00761435.html;319334070-401-2;      STRUCTURED TEXT T-SHIRT      ;Full cut T-shirt made of mesh textured fabric. Contrast rib V-neckline and short sleeves. Front contrast printed text.;45.9;USD;2024-02-19T08:56:35.985294;t-shirts;MAN
122926.0;End-cap;No;CLOTHNG;No;867.0;Zara;https://www.zara.com/us/en/knit-v-neck-sweater-p06771003.html;319465261-800-2;      KNIT V-NECK SWEATER      ;V-neck sweater with long sleeves. Rib trim.;45.9;USD;2024-02-19T09:10:45.631804;sweaters;WOMAN
;;;;;;;;;;;;;;;
119955.0;Front of Store;No;clothing;No;-1.0;Zara;https://www.zara.com/us/en/bomber-jacket-p05039440.html;323216370-422-97;      BOMBER JACKET      ;Boxy bomber jacket. Rib elastic collar and long sleeves. Welt pockets at hip. Elasticized trim. Front zip closure.;89.9;USD;2024-02-19T08:50:37.977065;jackets;MAN
;;;;;;;;;;;;;;;
137990.0;Aisle;No;clothing;No;2929.0;Zara;https://www.zara.com/us/en/cotton-jacket-p00706301.html;276213846-500-2;      COTTON JACKET      ;Lapel collar jacket with long sleeves with elastic cuffs. Patch pockets at hip. Elastic hem. Front snap button closure.;29.99;USD;2024-02-19T08:50:49.940814;jackets;MAN
123150.0;End-cap;Yes;clothing;No;2074.0;Zara;https://www.zara.com/us/en/cropped-bomber-jacket-limited-edition-p08281600.html;330274270-800-2;      CROPPED BOMBER JACKET LIMITED EDITION      ;Jacket with lightly padded interior. Rib collar and long sleeves. Flap pockets at waist. Rib trim. Front asymmetric zip closure.;129.0;USD;2024-02-19T08:50:24.492261;jackets;MAN
111760.0;End-cap;No;clothing;No;1474.0;Zara;https://www.zara.com/us/en/technical-jacket-with-pockets-p03286501.html;321143723-401-2;      TECHNICAL JACKET WITH POCKETS      ;Jacket made of technical fabric with quilted interior. Lapel collar and long sleeves. Flap patch pockets at hip. Rib trim. Front button closure.;109.0;USD;2024-02-19T08:50:33.138517;jackets;MAN
;;;;;;;;;;;;;;;
118985.0;Aisle;No;clothing;Yes;694.0;Zara;https://www.zara.com/us/en/basic-knit-sweater-p01509115.html;281593208-015-2;      PATCH BOMBER JACKET      ;Vest made of viscose and wool blend fabric. V-neckline. Patch pockets at hip. Front zip closure.;139.0;USD;2024-02-19T09:10:42.016223;t-shirts;MAN
133109.0;Front of Store;No;CLOTHING;Yes;2063.0;Zara;https://www.zara.com/us/en/textured-jacket-p04302457.html;321143726-712-2;      TEXTURED JACKET      ;Jacket made of textured fabric. Lapel collar and long sleeves with buttoned cuffs. Patch pockets at chest and hidden pockets at hip. Side vents at hem. Front button closure.;79.9;USD;2024-02-19T08:50:31.435371;jackets;MAN
;;;;;;;;;;;;;;;
113143.0;Aisle;Yes;clothing;Yes;2663.0;Zara;https://www.zara.com/us/en/herringbone-textured-jacket-p08491401.html;316207900-710-2;      HERRINGBONE TEXTURED JACKET      ;Jacket made of wool blend fabric. Lapel collar and long sleeves. Welt pockets at hip. Front zip closure.;129.0;USD;not_a_date;jackets;MAN
198329.0;Front of Store;Yes;clothing;Yes;628.0;Zara;https://www.zara.com/us/en/mixed-collar-jacket-p03046507.html;323212374-510-2;      MIXED COLLAR JACKET      ;Jacket made of technical fabric with lightly padded interior. Rib high collar. Long sleeves with elastic cuffs. Patch pockets at hip. Front zip closure.;109.0;USD;2024-02-19T08:51:16.995121;jackets;MAN
;;;;;;;;;;;;;;;
194339.0;End-cap;No;clothing;No;1792.0;Zara;https://www.zara.com/us/en/faux-suede-jacket-p08281652.html;311302863-800-2;      FAUX SUEDE JACKET      ;Lapel collar jacket with long sleeves with buttoned cuffs. Flap pockets at chest and welt pockets at hip. Front button closure.;89.9;USD;2024-02-19T08:50:28.013766;jackets;MAN
185154.0;Aisle;Yes;CLOTHNG;No;996.0;Zara;https://www.zara.com/us/en/abstract-print-t-shirt-p06224403.html;311307261-712-2;      ABSTRACT PRINT T-SHIRT      ;Full cut T-shirt with crew neck and short sleeves. Contrasting front and back prints. Washed effect.;39.9;USD;2024-02-19T08:56:31.723585;t-shirts;MAN
123150.0;End-cap;Yes;clothing;No;2074.0;Zara;https://www.zara.com/us/en/cropped-bomber-jacket-limited-edition-p08281600.html;330274270-800-2;      CROPPED BOMBER JACKET LIMITED EDITION      ;Jacket with lightly padded interior. Rib collar and long sleeves. Flap pockets at waist. Rib trim. Front asymmetric zip closure.;129.0;USD;2024-02-19T08:50:24.492261;jackets;MAN
182157.0;Aisle;No;Clothng;No;-1.0;Zara;https://www.zara.com/us/en/suit-jacket-in-100-linen-p04307408.html;322972485-431-46;      SUIT JACKET IN 100% LINEN      ;Straight fit blazer made of linen. Notched lapel collar and long sleeves with buttoned cuffs. Welt pocket at chest and flap pockets at hip. Interior pocket. Back vents. Front button closure.;159.0;USD;2024-02-19T08:50:10.200777;jackets;MAN
185809.0;End-cap;No;Clothng;No;622.0;Zara;https://www.zara.com/us/en/knit-sweater-with-rips-p00021110.html;313890688-330-1;      KNIT SWEATER WITH RIPS      ;Round neck long sleeve sweater. Openwork detail with rips.;49.9;USD;2024-02-19T09:10:44.463883;sweaters;WOMAN
180176.0;End-cap;Yes;Clothng;Yes;2220.0;Zara;https://www.zara.com/us/en/slim-fit-suit-jacket-p01564520.html;335342680-800-44;      SLIM FIT SUIT JACKET      ;Slim fit jacket. Notched lapel collar. Long sleeves with buttoned cuffs. Welt pocket at chest and flap pockets at hip. Interior pocket. Back vents. Front button closure.;129.0;USD;2024-02-19T08:50:07.301419;jackets;MAN
;;;;;;;;;;;;;;;
;;;;;;;;;;;;;;;
;;;;;;;;;;;99999;;;;
;;;;;;;;;;;99999;;;;
;;;;;;;;;;;;;;;
186638.0;End-cap;Yes;CLOTHNG;No;1296.0;Zara;https://www.zara.com/us/en/retro-running-sneakers-p12350320.html;311302598-500-39;      RETRO RUNNING SNEAKERS      ;Running shoes. Upper in a combination of pieces and materials. Lacing with seven pairs of eyelets. Chunky lug soles. Retro-inspired design.;59.9;USD;not_a_date;shoes;MAN
191230.0;End-cap;No;clothing;No;966.0;Zara;https://www.zara.com/us/en/patch-bomber-jacket-p03918330.html;311287528-811-2;      PATCH BOMBER JACKET      ;Varsity jacket made of faux suede fabric. Double welt pockets at hip and interior pocket. Front and back contrasting patch appliqués and embroidery. Rib trim. Front snap button closure.;89.9;USD;2024-02-19T08:50:20.940517;jackets;MAN
;;;;;;;;;;;;;;;
120354.0;Aisle;Yes;CLOTHNG;No;2836.0;Zara;https://www.zara.com/us/en/double-strap-suede-sandals-p12716320.html;311282293-131-39;      DOUBLE STRAP SUEDE SANDALS      ;Sandals. Made of leather with a suede finish. Two wide straps at instep with buckles. Insole with anatomical shaped footbed. Welt around upper. Chunky lug soles.;59.9;USD;2024-02-19T09:00:44.494819;shoes;MAN
173576.0;End-cap;Yes;CLOTHING;No;1838.0;Zara;https://www.zara.com/us/en/-p04310461.html;336378923-700-2;;;129.0;USD;2024-02-19T08:50:54.476057;jackets;MAN
174041.0;End-cap;No;CLOTHNG;No;2016.0;Zara;https://www.zara.com/us/en/multipiece-sneakers-p12215320.html;311307489-203-39;      MULTIPIECE SNEAKERS      ;Sneakers. Upper in a combination of pieces and colors. Lacing with seven pairs of eyelets. Chunky sole with a combination of colors. Retro-inspired design.;49.9;USD;2024-02-19T09:00:33.381812;shoes;MAN
;;;;;;;;;;;;;;;
193686.0;Aisle;Yes;clothing;No;1899.0;Zara;https://www.zara.com/us/en/tassel-leather-loafers-p12609320.html;311292343-700-39;      TASSEL LEATHER LOAFERS      ;Loafers. Made of leather. Smooth upper with ruching at toe. Decorative fringed tassels at instep. Rounded shape. Welt around upper. Chunky lug soles.;99.9;USD;2024-02-19T09:00:37.630307;shoes;MAN
113143.0;Aisle;Yes;CLOTHING;Yes;2663.0;Zara;https://www.zara.com/us/en/herringbone-textured-jacket-p08491401.html;316207900-710-2;      HERRINGBONE TEXTURED JACKET      ;Jacket made of wool blend fabric. Lapel collar and long sleeves. Welt pockets at hip. Front zip closure.;129.0;USD;2024-02-19T08:50:12.011296;jackets;MAN
115873.0;End-cap;Yes;CLOTHING;Yes;2606.0;Zara;https://www.zara.com/us/en/contrast-topstitching-crop-knit-sweater-p09598003.html;311297400-803-1;      CONTRAST TOPSTITCHING CROP KNIT SWEATER      ;V-neck cropped sweater with long sleeves. Front patch pockets. Contrast topstitching.;59.9;USD;2024-02-19T09:10:46.622912;sweaters;WOMAN
;;;;;;;;;;;;;;;
198375.0;End-cap;No;Clothng;No;2202.0;Zara;https://www.zara.com/us/en/faux-leather-jacket-p08281345.html;311297763-800-2;      FAUX LEATHER JACKET      ;Jacket made of faux leather fabric. Lapel collar and long sleeves with snap buttoned cuffs. Welt pockets at hip. Front snap button closure.;69.9;USD;2024-02-19T08:50:33.724614;jackets;MAN
172816.0;Aisle;No;clothing;Yes;1524.0;Zara;https://www.zara.com/us/en/textured-sweater-p02893403.html;311307250-710-3;      TEXTURED SWEATER      ;Sweater made of 30% wool thread. Round neck and long sleeves. Rib trim.;69.9;USD;2024-02-19T08:54:44.291927;sweaters;MAN
123985.0;End-cap;No;CLOTHNG;No;2240.0;Zara;https://www.zara.com/us/en/multicolor-sneakers-p12304320.html;311302877-203-39;      MULTICOLOR SNEAKERS      ;Sneakers. Combination of colors and pieces at upper. Lacing with six pairs of eyelets. Chunky rubber sole with irregular design.;unknown;USD;2024-02-19T09:00:30.885861;shoes;MAN
;;;;;;;;;;;;;;;
147947.0;Aisle;Yes;Clothng;Yes;1249.0;Zara;https://www.zara.com/us/en/faux-shearling-plaid-jacket-p00993305.html;311297724-700-97;      FAUX SHEARLING PLAID JACKET      ;Jacket made of faux shearling fabric. V-neckline and long sleeves with elastic cuffs. Lined interior with structured mesh fabric. Welt pockets at hip. Adjustable hem with side elastics. Front snap button closure.;89.9;USD;2024-02-19T08:50:59.512967;jackets;MAN
;;;;;;;;;;;;;;;
196752.0;End-cap;No;CLOTHNG;No;2227.0;Zara;https://www.zara.com/us/en/structured-text-t-shirt-p00761435.html;319334070-401-2;      STRUCTURED TEXT T-SHIRT      ;Full cut T-shirt made of mesh textured fabric. Contrast rib V-neckline and short sleeves. Front contrast printed text.;45.9;USD;2024-02-19T08:56:35.985294;t-shirts;MAN
112917.0;Aisle;Yes;clothing;Yes;1568.0;Zara;https://www.zara.com/us/en/stretch-suit-jacket-p01564300.html;328303236-420-44;      STRETCH SUIT JACKET      ;Slim fit jacket made of viscose blend fabric. Notched lapel collar. Long sleeves with buttoned cuffs. Welt pocket at chest and flap pockets at hip. Interior pocket. Back vents. Front button closure.;129.0;USD;2024-02-19T08:50:07.882922;jackets;MAN
;;;;;;;;;;;;;;;
186638.0;End-cap;Yes;CLOTHNG;No;1296.0;Zara;https://www.zara.com/us/en/retro-running-sneakers-p12350320.html;311302598-500-39;      RETRO RUNNING SNEAKERS      ;Running shoes. Upper in a combination of pieces and materials. Lacing with seven pairs of eyelets. Chunky lug soles. Retro-inspired design.;59.9;USD;2024-02-19T09:00:31.417902;shoes;MAN
113435.0;Aisle;No;CLOTHING;Yes;-1.0;Zara;https://www.zara.com/us/en/foil-knit-crop-sweater-p06771001.html;320278659-251-2;      RIB COLLAR JACKET      ;Overshirt made of stretchy fabric. Lapel collar and long sleeves with snap buttoned cuffs. Chest patch pockets. Front snap button closure.;129.0;USD;2024-02-19T09:10:43.379668;jackets;MAN
163234.0;Front of Store;No;CLOTHNG;No;1633.0;Zara;https://www.zara.com/us/en/textured-denim-jacket-limited-edition-p01538430.html;322972491-800-2;      TEXTURED DENIM JACKET LIMITED EDITION      ;Lapel collar jacket with long sleeves with buttoned cuffs. Flap pockets at chest and welt pockets at hip. All over washed and uneven textured effect. Front button closure.;89.9;USD;2024-02-19T08:50:44.126726;jackets;MAN
;;;;;;;;;;;99999;;;;
113143.0;Aisle;Yes;CLOTHING;Yes;2663.0;Zara;https://www.zara.com/us/en/herringbone-textured-jacket-p08491401.html;316207900-710-2;      HERRINGBONE TEXTURED JACKET      ;Jacket made of wool blend fabric. Lapel collar and long sleeves. Welt pockets at hip. Front zip closure.;129.0;USD;2024-02-19T08:50:12.011296;jackets;MAN
147690.0;Aisle;Yes;clothing;No;-1.0;Zara;https://www.zara.com/us/en/striped-jacquard-t-shirt-p05372400.html;322909502-819-2;      STRIPED JACQUARD T-SHIRT      ;Relaxed fit T-shirt with round neck and short sleeves.;39.9;USD;2024-02-19T08:56:34.766636;t-shirts;MAN
160763.0;Front of Store;Yes;Clothng;Yes;991.0;Zara;https://www.zara.com/us/en/adherent-stripes-sneakers-p12269320.html;311282212-800-39;      ADHERENT STRIPES SNEAKERS      ;Sneakers. Monochromatic. Upper in a combination of pieces. Closure with three adhesive straps. Slightly chunky sole.;45.9;USD;2024-02-19T09:00:47.161331;shoes;MAN
174708.0;Front of Store;No;CLOTHNG;Yes;529.0;Zara;https://www.zara.com/us/en/abstract-jacquard-sweater-p03284407.html;317889153-700-3;      ABSTRACT JACQUARD SWEATER      ;Full cut cotton knit sweater. Round neck and long sleeves. Rib trim.;99999;USD;2024-02-19T08:54:47.065078;sweaters;MAN
144012.0;Front of Store;Yes;CLOTHNG;No;743.0;Zara;https://www.zara.com/us/en/overshirt-with-contrasting-topstitching-p06917325.html;314937772-710-2;      OVERSHIRT WITH CONTRASTING TOPSTITCHING      ;Relaxed fit overshirt made with cotton fabric. Lapel collar and long sleeves with buttoned cuffs. Chest patch pocket. Contrasting topstitching all over the garment. Front button closure.;59.9;USD;2024-02-19T08:51:41.683535;jackets;MAN
115153.0;Aisle;No;Clothng;No;1736.0;Zara;https://www.zara.com/us/en/alpaca-blend-open-knit-sweater-p05755132.html;313890650-712-2;      ALPACA BLEND OPEN KNIT SWEATER      ;Sweater made with 63% alpaca. Round neck and long sleeves.;79.9;USD;2024-02-19T09:10:38.362632;sweaters;WOMAN
194339.0;End-cap;No;CLOTHING;No;1792.0;Zara;https://www.zara.com/us/en/faux-suede-jacket-p08281652.html;311302863-800-2;      FAUX SUEDE JACKET      ;Lapel collar jacket with long sleeves with buttoned cuffs. Flap pockets at chest and welt pockets at hip. Front button closure.;89.9;USD;2024-02-19T08:50:28.013766;jackets;MAN
182306.0;Front of Store;No;CLOTHNG;No;2805.0;Zara;https://www.zara.com/us/en/cotton-overshirt-p09621103.html;317782501-701-2;      COTTON OVERSHIRT      ;Relaxed fit overshirt made with cotton fabric. Lapel collar and long sleeves with buttoned cuffs. Flap patch pockets at chest and side hip pockets. Front button closure.;89.9;USD;not_a_date;jackets;MAN
152174.0;End-cap;No;Clothng;No;2226.0;Zara;https://www.zara.com/us/en/faux-leather-jacket-p03427320.html;317012940-800-2;      FAUX LEATHER JACKET      ;Jacket made of faux leather fabric. Lapel collar with snap button details. Long sleeves with zip cuffs. Front zip pockets at chest and hip. Interior pocket. Asymmetric front closure with metal zipper.;99.9;USD;2024-02-19T08:50:14.853868;jackets;MAN
119955.0;Front of Store;No;CLOTHNG;No;1590.0;Zara;https://www.zara.com/us/en/bomber-jacket-p05039440.html;323216370-422-97;      BOMBER JACKET      ;Boxy bomber jacket. Rib elastic collar and long sleeves. Welt pockets at hip. Elasticized trim. Front zip closure.;89.9;USD;2024-02-19T08:50:37.977065;jackets;MAN
182157.0;Aisle;No;Clothng;No;-1.0;Zara;https://www.zara.com/us/en/suit-jacket-in-100-linen-p04307408.html;322972485-431-46;      SUIT JACKET IN 100% LINEN      ;Straight fit blazer made of linen. Notched lapel collar and long sleeves with buttoned cuffs. Welt pocket at chest and flap pockets at hip. Interior pocket. Back vents. Front button closure.;159.0;USD;2024-02-19T08:50:10.200777;jackets;MAN
171061.0;Aisle;No;Clothng;Yes;2032.0;Zara;https://www.zara.com/us/en/plaid-overshirt-p08281303.html;320026789-714-2;      PLAID OVERSHIRT      ;Relaxed fit overshirt made of viscose blend fabric. Lapel collar and long sleeves with buttoned cuffs. Chest patch pocket. Front button closure.;59.9;USD;2024-02-19T08:51:34.443542;jackets;MAN
183574.0;Aisle;Yes;CLOTHING;Yes;1752.0;Zara;https://www.zara.com/us/en/foil-knit-crop-sweater-p06771001.html;331789902-808-1;      FOIL KNIT CROP SWEATER      ;Ribbed sweater with round neck and long sleeves. Ripped hem.;47.9;USD;2024-02-19T09:10:49.285266;sweaters;WOMAN
146839.0;Aisle;No;Clothng;No;1525.0;Zara;https://www.zara.com/us/en/bomber-jacket-p05344402.html;321496813-710-2;      BOMBER JACKET      ;Jacket with padded interior. Rib elastic collar and long sleeves. Flap pockets at hip and interior pocket. Rib trim. Front zip closure.;109.0;USD;2024-02-19T08:51:06.241653;jackets;MAN
;;;;;-1.0;;;;;;;;;;
;;;;;;;;;;;;;;;
133100.0;End-cap;Yes;CLOTHNG;No;2729.0;Zara;https://www.zara.com/us/en/puffer-jacket-with-pouch-pocket-p00155401.html;311302445-445-97;      PUFFER JACKET WITH POUCH POCKET      ;Jacket made of technical fabric with padded interior. High collar with front zip closure and long sleeves with elastic strap cuffs. Front and back contrast embroidered text. Zip pockets at hip. Adjustable elastic strap at hem with side zippers and strap.;89.9;USD;2024-02-19T08:50:37.262777;jackets;MAN
120354.0;Aisle;Yes;CLOTHNG;No;2836.0;Zara;https://www.zara.com/us/en/double-strap-suede-sandals-p12716320.html;311282293-131-39;      DOUBLE STRAP SUEDE SANDALS      ;Sandals. Made of leather with a suede finish. Two wide straps at instep with buckles. Insole with anatomical shaped footbed. Welt around upper. Chunky lug soles.;59.9;USD;2024-02-19T09:00:44.494819;shoes;MAN
180176.0;End-cap;Yes;Clothng;Yes;2220.0;Zara;https://www.zara.com/us/en/slim-fit-suit-jacket-p01564520.html;335342680-800-44;      SLIM FIT SUIT JACKET      ;Slim fit jacket. Notched lapel collar. Long sleeves with buttoned cuffs. Welt pocket at chest and flap pockets at hip. Interior pocket. Back vents. Front button closure.;129.0;USD;2024-02-19T08:50:07.301419;jackets;MAN
182157.0;Aisle;No;Clothng;No;-1.0;Zara;https://www.zara.com/us/en/suit-jacket-in-100-linen-p04307408.html;322972485-431-46;      SUIT JACKET IN 100% LINEN      ;Straight fit blazer made of linen. Notched lapel collar and long sleeves with buttoned cuffs. Welt pocket at chest and flap pockets at hip. Interior pocket. Back vents. Front button closure.;159.0;USD;2024-02-19T08:50:10.200777;jackets;MAN
;;;;;;;;;;;;;;;
;;;;;;;;;;;;;;;
110295.0;End-cap;Yes;Clothng;No;1448.0;Zara;https://www.zara.com/us/en/hooded-denim-jacket-p01538428.html;322547863-811-2;      HOODED DENIM JACKET      ;Boxy fit jacket. High collar with adjustable hood and long sleeves with buttoned cuffs. Patch pockets with flaps at chest. Front straps with multi-functional ring. Washed effect. Front hidden zip and snap button closure.;129.0;USD;2024-02-19T08:51:17.402321;jackets;MAN
112917.0;Aisle;Yes;clothing;Yes;1568.0;Zara;https://www.zara.com/us/en/stretch-suit-jacket-p01564300.html;328303236-420-44;      STRETCH SUIT JACKET      ;Slim fit jacket made of viscose blend fabric. Notched lapel collar. Long sleeves with buttoned cuffs. Welt pocket at chest and flap pockets at hip. Interior pocket. Back vents. Front button closure.;129.0;USD;2024-02-19T08:50:07.882922;jackets;MAN
193332.0;Aisle;Yes;Clothng;No;1237.0;Zara;https://www.zara.com/us/en/woven-leather-slides-p12708320.html;319205037-800-39;      WOVEN LEATHER SLIDES      ;Sandals. Made of leather. Three woven wide straps at instep. Chunky sole.;49.9;USD;2024-02-19T09:00:49.884546;shoes;MAN
128179.0;End-cap;Yes;CLOTHNG;No;2060.0;Zara;https://www.zara.com/us/en/color-block-puffer-jacket-p08281365.html;311287226-472-2;      COLOR BLOCK PUFFER JACKET      ;Jacket made of technical fabric with padded interior. High collar and long sleeves with elastic cuffs. Front pockets with hidden zip closure. Elastic hem. Front zip closure.;89.9;USD;2024-02-19T08:51:03.376537;jackets;MAN
112917.0;Aisle;Yes;clothing;Yes;1568.0;Zara;https://www.zara.com/us/en/stretch-suit-jacket-p01564300.html;328303236-420-44;      STRETCH SUIT JACKET      ;Slim fit jacket made of viscose blend fabric. Notched lapel collar. Long sleeves with buttoned cuffs. Welt pocket at chest and flap pockets at hip. Interior pocket. Back vents. Front button closure.;129.0;USD;2024-02-19T08:50:07.882922;jackets;MAN
